id_oferty;id_firmy;okres_umowy;grupa_okresu;nazwa_oferty;predkosc_pobierania;predkosc_wysylania;grupa_porownawcza_internet;nazwa_pakietu;liczba_kanalow;grupa_porownawcza_telewizja;dodatki;uwagi;okres_od_1;okres_do_1;cena_1;okres_od_2;okres_do_2;cena_2;okres_od_3;okres_do_3;cena_3
1;ABAKS;24;24;Internet i Telewizja;200;100;120;Pakiet Podstawowy;79;57;;;1;24;96;;;;;;
2;ABAKS;24;24;Internet i Telewizja;300;150;300;Pakiet Podstawowy;79;57;;;1;24;112;;;;;;
3;ABAKS;24;24;Internet i Telewizja;600;300;650;Pakiet Podstawowy;79;57;;;1;24;132;;;;;;
4;ABAKS;24;24;Internet i Telewizja;900;400;800;Pakiet Podstawowy;79;57;;;1;24;142;;;;;;
5;ABAKS;24;24;Internet i Telewizja;200;100;120;Pakiet Korzystny;136;129;;;1;24;118;;;;;;
6;ABAKS;24;24;Internet i Telewizja;300;150;300;Pakiet Korzystny;136;129;;;1;24;134;;;;;;
7;ABAKS;24;24;Internet i Telewizja;600;300;650;Pakiet Korzystny;136;129;;;1;24;154;;;;;;
8;ABAKS;24;24;Internet i Telewizja;900;400;800;Pakiet Korzystny;136;129;;;1;24;164;;;;;;
9;ABAKS;24;24;Internet i Telewizja;200;100;120;Pakiet Bogaty;178;184;;;1;24;130;;;;;;
10;ABAKS;24;24;Internet i Telewizja;300;150;300;Pakiet Bogaty;178;184;;;1;24;146;;;;;;
11;ABAKS;24;24;Internet i Telewizja;600;300;650;Pakiet Bogaty;178;184;;;1;24;166;;;;;;
12;ABAKS;24;24;Internet i Telewizja;900;400;800;Pakiet Bogaty;178;184;;;1;24;176;;;;;;
13;ARONET;999;999;Œwiat³owód Normal Fiber DOM + Na Start Plus HD;300;150;300;Na Start Plus HD;80;57;;;1;999;59.9;;;;;;
14;ARONET;999;999;Œwiat³owód Normal Fiber DOM + Podstawowy;300;150;300;Podstawowy;87;57;;;1;999;80.9;;;;;;
15;ARONET;999;999;Œwiat³owód Sprint Fiber DOM + Podstawowy;600;300;650;Podstawowy;87;57;;;1;999;110.9;;;;;;
16;ARONET;999;999;Œwiat³owód Turbo Fiber DOM + Podstawowy;1000;450;800;Podstawowy;87;57;;;1;999;130.9;;;;;;
17;ARONET;999;999;Œwiat³owód Normal Fiber DOM + Smart;300;150;300;Smart;128;129;;;1;999;101.9;;;;;;
18;ARONET;999;999;Œwiat³owód Sprint Fiber DOM + Smart;600;300;650;Smart;128;129;;;1;999;131.9;;;;;;
19;ARONET;999;999;Œwiat³owód Turbo Fiber DOM + Smart;1000;450;800;Smart;128;129;;;1;999;159.9;;;;;;
20;ARONET;999;999;Œwiat³owód Normal Fiber DOM + Korzystny;300;150;300;Korzystny;144;129;;;1;999;102.9;;;;;;
21;ARONET;999;999;Œwiat³owód Sprint Fiber DOM + Korzystny;600;300;650;Korzystny;144;129;;;1;999;132.9;;;;;;
22;ARONET;999;999;Œwiat³owód Turbo Fiber DOM + Korzystny;1000;450;800;Korzystny;144;129;;;1;999;152.9;;;;;;
23;ARONET;999;999;Œwiat³owód Normal Fiber DOM + Optimum;300;150;300;Optimum;171;184;;;1;999;117.9;;;;;;
24;ARONET;999;999;Œwiat³owód Sprint Fiber DOM + Optimum;600;300;650;Optimum;171;184;;;1;999;147.9;;;;;;
25;ARONET;999;999;Œwiat³owód Turbo Fiber DOM + Optimum;1000;450;800;Optimum;171;184;;;1;999;167.9;;;;;;
26;ARONET;999;999;Œwiat³owód Normal Fiber DOM + Bogaty;300;150;300;Bogaty;185;184;;;1;999;112.9;;;;;;
27;ARONET;999;999;Œwiat³owód Sprint Fiber DOM + Bogaty;600;300;650;Bogaty;185;184;;;1;999;142.9;;;;;;
28;ARONET;999;999;Œwiat³owód Turbo Fiber DOM + Bogaty;1000;450;800;Bogaty;185;184;;;1;999;162.9;;;;;;
29;ARONET;999;999;Œwiat³owód Normal Fiber DOM + Platinum;300;150;300;Platinum;207;184;;;1;999;150.9;;;;;;
30;ARONET;999;999;Œwiat³owód Sprint Fiber DOM + Platinum;600;300;650;Platinum;207;184;;;1;999;180.9;;;;;;
31;ARONET;999;999;Œwiat³owód Turbo Fiber DOM + Platinum;1000;450;800;Platinum;207;184;;;1;999;209.9;;;;;;
32;BUDIMPEX;999;999;Internet i Telewizja;300;150;300;Pakiet SMART;152;129;;;1;999;195;;;;;;
33;BUDIMPEX;12;12;Internet i Telewizja;300;150;300;Pakiet SMART;152;129;;;1;12;135;;;;;;
34;BUDIMPEX;24;24;Internet i Telewizja;300;150;300;Pakiet SMART;152;129;;;1;24;105;;;;;;
35;BUDIMPEX;999;999;Internet i Telewizja;600;300;650;Pakiet SMART;152;129;;;1;999;205;;;;;;
36;BUDIMPEX;12;12;Internet i Telewizja;600;300;650;Pakiet SMART;152;129;;;1;12;145;;;;;;
37;BUDIMPEX;24;24;Internet i Telewizja;600;300;650;Pakiet SMART;152;129;;;1;24;115;;;;;;
38;BUDIMPEX;999;999;Internet i Telewizja;900;500;800;Pakiet SMART;152;129;;;1;999;225;;;;;;
39;BUDIMPEX;12;12;Internet i Telewizja;900;500;800;Pakiet SMART;152;129;;;1;12;165;;;;;;
40;BUDIMPEX;24;24;Internet i Telewizja;900;500;800;Pakiet SMART;152;129;;;1;24;135;;;;;;
41;BUDIMPEX;999;999;Internet i Telewizja;300;150;300;Pakiet Optimum;196;184;;;1;999;210;;;;;;
42;BUDIMPEX;12;12;Internet i Telewizja;300;150;300;Pakiet Optimum;196;184;;;1;12;150;;;;;;
43;BUDIMPEX;24;24;Internet i Telewizja;300;150;300;Pakiet Optimum;196;184;;;1;24;120;;;;;;
44;BUDIMPEX;999;999;Internet i Telewizja;600;300;650;Pakiet Optimum;196;184;;;1;999;220;;;;;;
45;BUDIMPEX;12;12;Internet i Telewizja;600;300;650;Pakiet Optimum;196;184;;;1;12;160;;;;;;
46;BUDIMPEX;24;24;Internet i Telewizja;600;300;650;Pakiet Optimum;196;184;;;1;24;130;;;;;;
47;BUDIMPEX;999;999;Internet i Telewizja;900;500;800;Pakiet Optimum;196;184;;;1;999;240;;;;;;
48;BUDIMPEX;12;12;Internet i Telewizja;900;500;800;Pakiet Optimum;196;184;;;1;12;180;;;;;;
49;BUDIMPEX;24;24;Internet i Telewizja;900;500;800;Pakiet Optimum;196;184;;;1;24;150;;;;;;
50;BUDIMPEX;999;999;Internet i Telewizja;300;150;300;Pakiet Platinum;231;236;;;1;999;229;;;;;;
51;BUDIMPEX;12;12;Internet i Telewizja;300;150;300;Pakiet Platinum;231;236;;;1;12;179;;;;;;
52;BUDIMPEX;24;24;Internet i Telewizja;300;150;300;Pakiet Platinum;231;236;;;1;24;149;;;;;;
53;BUDIMPEX;999;999;Internet i Telewizja;600;300;650;Pakiet Platinum;231;236;;;1;999;239;;;;;;
54;BUDIMPEX;12;12;Internet i Telewizja;600;300;650;Pakiet Platinum;231;236;;;1;12;189;;;;;;
55;BUDIMPEX;24;24;Internet i Telewizja;600;300;650;Pakiet Platinum;231;236;;;1;24;159;;;;;;
56;BUDIMPEX;999;999;Internet i Telewizja;900;500;800;Pakiet Platinum;231;236;;;1;999;259;;;;;;
57;BUDIMPEX;12;12;Internet i Telewizja;900;500;800;Pakiet Platinum;231;236;;;1;12;209;;;;;;
58;BUDIMPEX;24;24;Internet i Telewizja;900;500;800;Pakiet Platinum;231;236;;;1;24;179;;;;;;
59;BUDIMPEX;24;24;Internet i Telewizja;300;150;300;Pakiet SMART;152;129;;;1;24;140;;;;;;
60;BUDIMPEX;24;24;Internet i Telewizja;600;300;650;Pakiet SMART;152;129;;;1;24;150;;;;;;
61;BUDIMPEX;24;24;Internet i Telewizja;900;500;800;Pakiet SMART;152;129;;;1;24;167;;;;;;
62;BUDIMPEX;24;24;Internet i Telewizja;300;150;300;Pakiet Optimum;196;184;;;1;24;155;;;;;;
63;BUDIMPEX;24;24;Internet i Telewizja;600;300;650;Pakiet Optimum;196;184;;;1;24;165;;;;;;
64;BUDIMPEX;24;24;Internet i Telewizja;900;500;800;Pakiet Optimum;196;184;;;1;24;182;;;;;;
65;BUDIMPEX;24;24;Internet i Telewizja;300;150;300;Pakiet Platinum;231;236;;;1;24;184;;;;;;
66;BUDIMPEX;24;24;Internet i Telewizja;600;300;650;Pakiet Platinum;231;236;;;1;24;194;;;;;;
67;BUDIMPEX;24;24;Internet i Telewizja;900;500;800;Pakiet Platinum;231;236;;;1;24;211;;;;;;
68;CFC;24;24;Internet i Telewizja;200;40;300;TV Start+;77;;;"Brak op³at za dzier¿awê urz¹dzeñ
CatchUp
StartOver
Jambo Nagrywarka w prezencie";1;24;69;;;;;;
69;CFC;24;24;Internet i Telewizja;300;60;300;TV Start+;77;;;"Brak op³at za dzier¿awê urz¹dzeñ
CatchUp
StartOver
Jambo Nagrywarka w prezencie";1;24;79;;;;;;
70;CFC;24;24;Internet i Telewizja;500;100;650;TV Start+;77;;;"Brak op³at za dzier¿awê urz¹dzeñ
CatchUp
StartOver
Jambo Nagrywarka w prezencie";1;24;99;;;;;;
71;CFC;24;24;Internet i Telewizja;1000;100;800;TV Start+;77;;;"Brak op³at za dzier¿awê urz¹dzeñ
CatchUp
StartOver
Jambo Nagrywarka w prezencie";1;24;109;;;;;;
72;CFC;24;24;Internet i Telewizja;200;40;300;Podstawowy;78;;;"Brak op³at za dzier¿awê urz¹dzeñ
CatchUp
StartOver
Jambo Nagrywarka w prezencie";1;24;81;;;;;;
73;CFC;24;24;Internet i Telewizja;300;60;300;Podstawowy;78;;;"Brak op³at za dzier¿awê urz¹dzeñ
CatchUp
StartOver
Jambo Nagrywarka w prezencie";1;24;91;;;;;;
74;CFC;24;24;Internet i Telewizja;500;100;650;Podstawowy;78;;;"Brak op³at za dzier¿awê urz¹dzeñ
CatchUp
StartOver
Jambo Nagrywarka w prezencie";1;24;111;;;;;;
75;CFC;24;24;Internet i Telewizja;1000;100;800;Podstawowy;78;;;"Brak op³at za dzier¿awê urz¹dzeñ
CatchUp
StartOver
Jambo Nagrywarka w prezencie";1;24;121;;;;;;
76;CFC;24;24;Internet i Telewizja;200;40;300;Korzystny;135;129;;"Brak op³at za dzier¿awê urz¹dzeñ
CatchUp
StartOver
Jambo Nagrywarka w prezencie";1;24;104;;;;;;
77;CFC;24;24;Internet i Telewizja;300;60;300;Korzystny;135;129;;"Brak op³at za dzier¿awê urz¹dzeñ
CatchUp
StartOver
Jambo Nagrywarka w prezencie";1;24;114;;;;;;
78;CFC;24;24;Internet i Telewizja;500;100;650;Korzystny;135;129;;"Brak op³at za dzier¿awê urz¹dzeñ
CatchUp
StartOver
Jambo Nagrywarka w prezencie";1;24;134;;;;;;
79;CFC;24;24;Internet i Telewizja;1000;100;800;Korzystny;135;129;;"Brak op³at za dzier¿awê urz¹dzeñ
CatchUp
StartOver
Jambo Nagrywarka w prezencie";1;24;144;;;;;;
80;CFC;24;24;Internet i Telewizja;200;40;300;Bogaty;153;129;;"Brak op³at za dzier¿awê urz¹dzeñ
CatchUp
StartOver
Jambo Nagrywarka w prezencie";1;24;114;;;;;;
81;CFC;24;24;Internet i Telewizja;300;60;300;Bogaty;153;129;;"Brak op³at za dzier¿awê urz¹dzeñ
CatchUp
StartOver
Jambo Nagrywarka w prezencie";1;24;124;;;;;;
82;CFC;24;24;Internet i Telewizja;500;100;650;Bogaty;153;129;;"Brak op³at za dzier¿awê urz¹dzeñ
CatchUp
StartOver
Jambo Nagrywarka w prezencie";1;24;144;;;;;;
83;CFC;24;24;Internet i Telewizja;1000;100;800;Bogaty;153;129;;"Brak op³at za dzier¿awê urz¹dzeñ
CatchUp
StartOver
Jambo Nagrywarka w prezencie";1;24;154;;;;;;
84;CHOPIN;24;24;Blue Box + Net;300;15;300;Blue Box;57;57;SMART TV - 57 kana³ów;cena z rabatem za e-fakturê;1;3;0;4;24;83.69;;;
85;CHOPIN;24;24;Blue Box + Net;650;30;650;Blue Box;57;57;SMART TV - 57 kana³ów;cena z rabatem za e-fakturê;1;3;0;4;24;93.69;;;
86;CHOPIN;24;24;Blue Box + Net;800;40;800;Blue Box;57;57;SMART TV - 57 kana³ów;cena z rabatem za e-fakturê;1;3;0;4;24;103.69;;;
87;CHOPIN;24;24;Dla Dwojga (z CANAL+ Super Sport i HBO);120;10;120;Start Box;129;129;SMART M - 84 kana³y. CANAL+ Super Sport. HBO;"dostêpny dla Klientów posiadaj¹cych 
legitymacjê emeryta / rencisty
. cena z rabatem za e-fakturê";1;1;213.46;2;24;218.45;;;
88;CHOPIN;24;24;Dla Dwojga (z CANAL+ Super Sport);120;10;120;Start Box;129;129;SMART M - 84 kana³y. CANAL+ Super Sport;"dostêpny dla Klientów posiadaj¹cych 
legitymacjê emeryta / rencisty
. cena z rabatem za e-fakturê";1;1;173.56;2;24;178.55;;;
89;CHOPIN;24;24;Dla Dwojga (z CANAL+ Seriale i Filmy i HBO);120;10;120;Start Box;129;129;SMART M - 84 kana³y. CANAL+ Seriale i Filmy. HBO;"dostêpny dla Klientów posiadaj¹cych 
legitymacjê emeryta / rencisty
. cena z rabatem za e-fakturê";1;1;173.46;2;24;178.45;;;
90;CHOPIN;24;24;Dla Dwojga (z HBO);120;10;120;Start Box;129;129;SMART M - 84 kana³y. HBO;"dostêpny dla Klientów posiadaj¹cych 
legitymacjê emeryta / rencisty
. cena z rabatem za e-fakturê";1;1;148.46;2;24;153.45;;;
91;CHOPIN;24;24;Dla Dwojga (z CANAL+ Seriale i Filmy);120;10;120;Start Box;129;129;SMART M - 84 kana³y. CANAL+ Seriale i Filmy;"dostêpny dla Klientów posiadaj¹cych 
legitymacjê emeryta / rencisty
. cena z rabatem za e-fakturê";1;1;133.56;2;24;138.55;;;
92;CHOPIN;12;12;Super Box;120;10;120;Start Box;129;129;SMART M - 84 kana³y;"dostêpny dla Klientów posiadaj¹cych 
legitymacjê emeryta / rencisty
. cena z rabatem za e-fakturê";1;1;124.56;2;12;129.55;;;
93;CHOPIN;12;12;Trzymaj z nami;120;10;120;Start Box;129;129;SMART M - 84 kana³y;"dostêpny dla Klientów posiadaj¹cych 
legitymacjê emeryta / rencisty
. cena z rabatem za e-fakturê";1;1;120.56;2;12;125.55;;;
94;CHOPIN;24;24;Super Box;120;10;120;Start Box;129;129;SMART M - 84 kana³y;cena z rabatem za e-fakturê;1;1;119.56;2;24;124.55;;;
95;CHOPIN;24;24;Trzymaj z nami;120;10;120;Start Box;129;129;SMART M - 84 kana³y;cena z rabatem za e-fakturê;1;1;111.56;2;24;116.55;;;
96;CHOPIN;24;24;Dla Dwojga (z CANAL+ Super Sport i HBO);300;15;300;Start Box;129;129;SMART M - 84 kana³y. CANAL+ Super Sport. HBO;cena z rabatem za e-fakturê;1;1;218.46;2;24;223.45;;;
97;CHOPIN;24;24;Dla Dwojga (z CANAL+ Super Sport);300;15;300;Start Box;129;129;SMART M - 84 kana³y. CANAL+ Super Sport;cena z rabatem za e-fakturê;1;1;178.56;2;24;183.55;;;
98;CHOPIN;24;24;Dla Dwojga (z CANAL+ Seriale i Filmy i HBO);300;15;300;Start Box;129;129;SMART M - 84 kana³y. CANAL+ Seriale i Filmy. HBO;cena z rabatem za e-fakturê;1;1;178.46;2;24;183.45;;;
99;CHOPIN;24;24;Dla Dwojga (z HBO);300;15;300;Start Box;129;129;SMART M - 84 kana³y. HBO;cena z rabatem za e-fakturê;1;1;153.46;2;24;158.45;;;
100;CHOPIN;12;12;Super Box;300;15;300;Start Box;129;129;SMART M - 84 kana³y;cena z rabatem za e-fakturê;1;1;140.56;2;12;145.55;;;
101;CHOPIN;12;12;Trzymaj z nami;300;15;300;Start Box;129;129;SMART M - 84 kana³y;cena z rabatem za e-fakturê;1;1;139.56;2;12;144.55;;;
102;CHOPIN;24;24;Dla Dwojga (z CANAL+ Seriale i Filmy);300;15;300;Start Box;129;129;SMART M - 84 kana³y. CANAL+ Seriale i Filmy;cena z rabatem za e-fakturê;1;1;138.56;2;24;143.55;;;
103;CHOPIN;24;24;Super Box;300;15;300;Start Box;129;129;SMART M - 84 kana³y;cena z rabatem za e-fakturê;1;1;135.56;2;24;140.55;;;
104;CHOPIN;24;24;Trzymaj z nami;300;15;300;Start Box;129;129;SMART M - 84 kana³y;cena z rabatem za e-fakturê;1;1;130.56;2;24;135.55;;;
105;CHOPIN;24;24;Oferta jesienna (z CANAL+ Super Sport);300;15;300;Start Box;129;129;SMART M - 84 kana³y. CANAL+ Super Sport;cena z rabatem za e-fakturê;1;24;124.99;;;;;;
106;CHOPIN;24;24;Oferta jesienna (z CANAL+ Seriale i Filmy);300;15;300;Start Box;129;129;SMART M - 84 kana³y. CANAL+ Seriale i Filmy;cena z rabatem za e-fakturê;1;24;84.99;;;;;;
107;CHOPIN;24;24;Oferta jesienna;300;15;300;Start Box;129;129;SMART M - 84 kana³y;cena z rabatem za e-fakturê;1;24;74.99;;;;;;
108;CHOPIN;12;12;STOP EXTRA NET I TV;300;15;300;Start Box;129;129;;cena z rabatem za e-fakturê;1;12;61.33;;;;;;
109;CHOPIN;24;24;Dla Dwojga (z CANAL+ Super Sport i HBO);650;30;650;Start Box;129;129;SMART M - 84 kana³y. CANAL+ Super Sport. HBO;cena z rabatem za e-fakturê;1;1;223.46;2;24;228.45;;;
110;CHOPIN;24;24;Dla Dwojga (z CANAL+ Super Sport);650;30;650;Start Box;129;129;SMART M - 84 kana³y. CANAL+ Super Sport;cena z rabatem za e-fakturê;1;1;183.56;2;24;188.55;;;
111;CHOPIN;24;24;Dla Dwojga (z CANAL+ Seriale i Filmy i HBO);650;30;650;Start Box;129;129;SMART M - 84 kana³y. CANAL+ Seriale i Filmy. HBO;cena z rabatem za e-fakturê;1;1;183.46;2;24;188.45;;;
112;CHOPIN;24;24;Dla Dwojga (z HBO);650;30;650;Start Box;129;129;SMART M - 84 kana³y. HBO;cena z rabatem za e-fakturê;1;1;158.46;2;24;163.45;;;
113;CHOPIN;12;12;Super Box;650;30;650;Start Box;129;129;SMART M - 84 kana³y;cena z rabatem za e-fakturê;1;1;145.56;2;12;150.55;;;
114;CHOPIN;12;12;Trzymaj z nami;650;30;650;Start Box;129;129;SMART M - 84 kana³y;cena z rabatem za e-fakturê;1;1;144.56;2;12;149.55;;;
115;CHOPIN;24;24;Dla Dwojga (z CANAL+ Seriale i Filmy);650;30;650;Start Box;129;129;SMART M - 84 kana³y. CANAL+ Seriale i Filmy;cena z rabatem za e-fakturê;1;1;143.56;2;24;148.55;;;
116;CHOPIN;24;24;Super Box;650;30;650;Start Box;129;129;SMART M - 84 kana³y;cena z rabatem za e-fakturê;1;1;140.56;2;24;145.55;;;
117;CHOPIN;24;24;Trzymaj z nami;650;30;650;Start Box;129;129;SMART M - 84 kana³y;cena z rabatem za e-fakturê;1;1;135.56;2;24;140.55;;;
118;CHOPIN;24;24;Oferta jesienna (z CANAL+ Super Sport);650;30;650;Start Box;129;129;SMART M - 84 kana³y. CANAL+ Super Sport;cena z rabatem za e-fakturê;1;24;139.99;;;;;;
119;CHOPIN;24;24;Oferta jesienna (z CANAL+ Seriale i Filmy);650;30;650;Start Box;129;129;SMART M - 84 kana³y. CANAL+ Seriale i Filmy;cena z rabatem za e-fakturê;1;24;99.99;;;;;;
120;CHOPIN;24;24;Oferta jesienna;650;30;650;Start Box;129;129;SMART M - 84 kana³y;cena z rabatem za e-fakturê;1;24;89.99;;;;;;
121;CHOPIN;24;24;Dla Dwojga (z CANAL+ Super Sport i HBO);800;40;800;Start Box;129;129;SMART M - 84 kana³y. CANAL+ Super Sport. HBO;cena z rabatem za e-fakturê;1;1;265.46;2;24;264.45;;;
122;CHOPIN;24;24;Dla Dwojga (z CANAL+ Super Sport);800;40;800;Start Box;129;129;SMART M - 84 kana³y. CANAL+ Super Sport;cena z rabatem za e-fakturê;1;1;219.56;2;24;224.55;;;
123;CHOPIN;24;24;Dla Dwojga (z CANAL+ Seriale i Filmy i HBO);800;40;800;Start Box;129;129;SMART M - 84 kana³y. CANAL+ Seriale i Filmy. HBO;cena z rabatem za e-fakturê;1;1;219.46;2;24;224.45;;;
124;CHOPIN;24;24;Dla Dwojga (z HBO);800;40;800;Start Box;129;129;SMART M - 84 kana³y. HBO;cena z rabatem za e-fakturê;1;1;194.46;2;24;199.45;;;
125;CHOPIN;12;12;Trzymaj z nami;800;40;800;Start Box;129;129;SMART M - 84 kana³y;cena z rabatem za e-fakturê;1;1;180.56;2;12;185.55;;;
126;CHOPIN;24;24;Dla Dwojga (z CANAL+ Seriale i Filmy);800;40;800;Start Box;129;129;SMART M - 84 kana³y. CANAL+ Seriale i Filmy;cena z rabatem za e-fakturê;1;1;179.56;2;24;184.55;;;
127;CHOPIN;12;12;Super Box;800;40;800;Start Box;129;129;SMART M - 84 kana³y;cena z rabatem za e-fakturê;1;1;176.56;2;12;181.55;;;
128;CHOPIN;24;24;Super Box;800;40;800;Start Box;129;129;SMART M - 84 kana³y;cena z rabatem za e-fakturê;1;1;171.56;2;24;176.55;;;
129;CHOPIN;24;24;Trzymaj z nami;800;40;800;Start Box;129;129;SMART M - 84 kana³y;cena z rabatem za e-fakturê;1;1;171.56;2;24;176.55;;;
130;CHOPIN;24;24;Oferta jesienna (z CANAL+ Super Sport);800;40;800;Start Box;129;129;SMART M - 84 kana³y. CANAL+ Super Sport;cena z rabatem za e-fakturê;1;24;154.99;;;;;;
131;CHOPIN;24;24;Oferta jesienna (z CANAL+ Seriale i Filmy);800;40;800;Start Box;129;129;SMART M - 84 kana³y. CANAL+ Seriale i Filmy;cena z rabatem za e-fakturê;1;24;114.99;;;;;;
132;CHOPIN;24;24;Oferta jesienna;800;40;800;Start Box;129;129;SMART M - 84 kana³y;cena z rabatem za e-fakturê;1;24;104.99;;;;;;
133;CHOPIN;24;24;Dla Dwojga (z CANAL+ Super Sport i HBO);120;10;120;M Box;184;184;SMART M - 84 kana³y. CANAL+ Super Sport. HBO;"dostêpny dla Klientów posiadaj¹cych 
legitymacjê emeryta / rencisty
. cena z rabatem za e-fakturê";1;1;239.46;2;24;244.45;;;
134;CHOPIN;24;24;Dla Dwojga (z CANAL+ Super Sport);120;10;120;M Box;184;184;SMART M - 84 kana³y. CANAL+ Super Sport;"dostêpny dla Klientów posiadaj¹cych 
legitymacjê emeryta / rencisty
. cena z rabatem za e-fakturê";1;1;199.56;2;24;204.55;;;
135;CHOPIN;24;24;Dla Dwojga (z CANAL+ Seriale i Filmy i HBO);120;10;120;M Box;184;184;SMART M - 84 kana³y. CANAL+ Seriale i Filmy. HBO;"dostêpny dla Klientów posiadaj¹cych 
legitymacjê emeryta / rencisty
. cena z rabatem za e-fakturê";1;1;199.46;2;24;204.45;;;
136;CHOPIN;24;24;Dla Dwojga (z HBO);120;10;120;M Box;184;184;SMART M - 84 kana³y. HBO;"dostêpny dla Klientów posiadaj¹cych 
legitymacjê emeryta / rencisty
. cena z rabatem za e-fakturê";1;1;174.46;2;24;179.45;;;
137;CHOPIN;24;24;Dla Dwojga (z CANAL+ Seriale i Filmy);120;10;120;M Box;184;184;SMART M - 84 kana³y. CANAL+ Seriale i Filmy;"dostêpny dla Klientów posiadaj¹cych 
legitymacjê emeryta / rencisty
. cena z rabatem za e-fakturê";1;1;159.56;2;24;164.55;;;
138;CHOPIN;12;12;Super Box;120;10;120;M Box;184;184;SMART M - 84 kana³y;"dostêpny dla Klientów posiadaj¹cych 
legitymacjê emeryta / rencisty
. cena z rabatem za e-fakturê";1;1;158.56;2;12;163.55;;;
139;CHOPIN;24;24;Super Box;120;10;120;M Box;184;184;SMART M - 84 kana³y;cena z rabatem za e-fakturê;1;1;148.56;2;24;153.55;;;
140;CHOPIN;12;12;Trzymaj z nami;120;10;120;M Box;184;184;SMART M - 84 kana³y;"dostêpny dla Klientów posiadaj¹cych 
legitymacjê emeryta / rencisty
. cena z rabatem za e-fakturê";1;1;147.56;2;12;152.55;;;
141;CHOPIN;24;24;Trzymaj z nami;120;10;120;M Box;184;184;SMART M - 84 kana³y;cena z rabatem za e-fakturê;1;1;137.56;2;24;142.55;;;
142;CHOPIN;24;24;Dla Dwojga (z CANAL+ Super Sport i HBO);300;15;300;M Box;184;184;SMART M - 84 kana³y. CANAL+ Super Sport. HBO;cena z rabatem za e-fakturê;1;1;244.46;2;24;249.45;;;
143;CHOPIN;24;24;Dla Dwojga (z CANAL+ Super Sport);300;15;300;M Box;184;184;SMART M - 84 kana³y. CANAL+ Super Sport;cena z rabatem za e-fakturê;1;1;204.56;2;24;209.55;;;
144;CHOPIN;24;24;Dla Dwojga (z CANAL+ Seriale i Filmy i HBO);300;15;300;M Box;184;184;SMART M - 84 kana³y. CANAL+ Seriale i Filmy. HBO;cena z rabatem za e-fakturê;1;1;204.46;2;24;209.45;;;
145;CHOPIN;24;24;Dla Dwojga (z HBO);300;15;300;M Box;184;184;SMART M - 84 kana³y. HBO;cena z rabatem za e-fakturê;1;1;179.46;2;24;184.45;;;
146;CHOPIN;12;12;Super Box;300;15;300;M Box;184;184;SMART M - 84 kana³y;cena z rabatem za e-fakturê;1;1;174.56;2;12;179.55;;;
147;CHOPIN;12;12;Trzymaj z nami;300;15;300;M Box;184;184;SMART M - 84 kana³y;cena z rabatem za e-fakturê;1;1;166.56;2;12;171.55;;;
148;CHOPIN;24;24;Dla Dwojga (z CANAL+ Seriale i Filmy);300;15;300;M Box;184;184;SMART M - 84 kana³y. CANAL+ Seriale i Filmy;cena z rabatem za e-fakturê;1;1;164.56;2;24;169.55;;;
149;CHOPIN;24;24;Super Box;300;15;300;M Box;184;184;SMART M - 84 kana³y;cena z rabatem za e-fakturê;1;1;164.56;2;24;169.55;;;
150;CHOPIN;24;24;Trzymaj z nami;300;15;300;M Box;184;184;SMART M - 84 kana³y;cena z rabatem za e-fakturê;1;1;156.56;2;24;161.55;;;
151;CHOPIN;12;12;STOP EXTRA NET I TV;300;15;300;M Box;184;184;;cena z rabatem za e-fakturê;1;12;86.19;;;;;;
152;CHOPIN;24;24;Dla Dwojga (z CANAL+ Super Sport i HBO);650;30;650;M Box;184;184;SMART M - 84 kana³y. CANAL+ Super Sport. HBO;cena z rabatem za e-fakturê;1;1;249.46;2;24;254.45;;;
153;CHOPIN;24;24;Dla Dwojga (z CANAL+ Super Sport);650;30;650;M Box;184;184;SMART M - 84 kana³y. CANAL+ Super Sport;cena z rabatem za e-fakturê;1;1;209.56;2;24;214.55;;;
154;CHOPIN;24;24;Dla Dwojga (z CANAL+ Seriale i Filmy i HBO);650;30;650;M Box;184;184;SMART M - 84 kana³y. CANAL+ Seriale i Filmy. HBO;cena z rabatem za e-fakturê;1;1;209.46;2;24;214.45;;;
155;CHOPIN;24;24;Dla Dwojga (z HBO);650;30;650;M Box;184;184;SMART M - 84 kana³y. HBO;cena z rabatem za e-fakturê;1;1;184.46;2;24;189.45;;;
156;CHOPIN;12;12;Super Box;650;30;650;M Box;184;184;SMART M - 84 kana³y;cena z rabatem za e-fakturê;1;1;179.56;2;12;184.55;;;
157;CHOPIN;12;12;Trzymaj z nami;650;30;650;M Box;184;184;SMART M - 84 kana³y;cena z rabatem za e-fakturê;1;1;171.56;2;12;176.55;;;
158;CHOPIN;24;24;Dla Dwojga (z CANAL+ Seriale i Filmy);650;30;650;M Box;184;184;SMART M - 84 kana³y. CANAL+ Seriale i Filmy;cena z rabatem za e-fakturê;1;1;169.56;2;24;174.55;;;
159;CHOPIN;24;24;Super Box;650;30;650;M Box;184;184;SMART M - 84 kana³y;cena z rabatem za e-fakturê;1;1;169.56;2;24;174.55;;;
160;CHOPIN;24;24;Trzymaj z nami;650;30;650;M Box;184;184;SMART M - 84 kana³y;cena z rabatem za e-fakturê;1;1;161.56;2;24;166.55;;;
161;CHOPIN;24;24;Dla Dwojga (z CANAL+ Super Sport i HBO);800;40;800;M Box;184;184;SMART M - 84 kana³y. CANAL+ Super Sport. HBO;cena z rabatem za e-fakturê;1;1;285.46;2;24;290.45;;;
162;CHOPIN;24;24;Dla Dwojga (z CANAL+ Super Sport);800;40;800;M Box;184;184;SMART M - 84 kana³y. CANAL+ Super Sport;cena z rabatem za e-fakturê;1;1;245.56;2;24;250.55;;;
163;CHOPIN;24;24;Dla Dwojga (z CANAL+ Seriale i Filmy i HBO);800;40;800;M Box;184;184;SMART M - 84 kana³y. CANAL+ Seriale i Filmy. HBO;cena z rabatem za e-fakturê;1;1;245.46;2;24;250.45;;;
164;CHOPIN;24;24;Dla Dwojga (z HBO);800;40;800;M Box;184;184;SMART M - 84 kana³y. HBO;cena z rabatem za e-fakturê;1;1;220.46;2;24;225.45;;;
165;CHOPIN;12;12;Super Box;800;40;800;M Box;184;184;SMART M - 84 kana³y;cena z rabatem za e-fakturê;1;1;210.56;2;12;215.55;;;
166;CHOPIN;12;12;Trzymaj z nami;800;40;800;M Box;184;184;SMART M - 84 kana³y;cena z rabatem za e-fakturê;1;1;207.56;2;12;212.55;;;
167;CHOPIN;24;24;Dla Dwojga (z CANAL+ Seriale i Filmy);800;40;800;M Box;184;184;SMART M - 84 kana³y. CANAL+ Seriale i Filmy;cena z rabatem za e-fakturê;1;1;205.56;2;24;210.55;;;
168;CHOPIN;24;24;Super Box;800;40;800;M Box;184;184;SMART M - 84 kana³y;cena z rabatem za e-fakturê;1;1;200.56;2;24;205.55;;;
169;CHOPIN;24;24;Trzymaj z nami;800;40;800;M Box;184;184;SMART M - 84 kana³y;cena z rabatem za e-fakturê;1;1;197.56;2;24;202.55;;;
170;CHOPIN;24;24;Dla Dwojga (z CANAL+ Super Sport i HBO);120;10;120;L Box;236;236;SMART L - 136 kana³ów. CANAL+ Super Sport. HBO;"dostêpny dla Klientów posiadaj¹cych 
legitymacjê emeryta / rencisty
. cena z rabatem za e-fakturê";1;1;265.46;2;24;270.45;;;
171;CHOPIN;24;24;Dla Dwojga (z CANAL+ Super Sport);120;10;120;L Box;236;236;SMART L - 136 kana³ów. CANAL+ Super Sport;"dostêpny dla Klientów posiadaj¹cych 
legitymacjê emeryta / rencisty
. cena z rabatem za e-fakturê";1;1;225.56;2;24;230.55;;;
172;CHOPIN;24;24;Dla Dwojga (z CANAL+ Seriale i Filmy i HBO);120;10;120;L Box;236;236;SMART L - 136 kana³ów. CANAL+ Seriale i Filmy. HBO;"dostêpny dla Klientów posiadaj¹cych 
legitymacjê emeryta / rencisty
. cena z rabatem za e-fakturê";1;1;225.46;2;24;230.45;;;
173;CHOPIN;24;24;Dla Dwojga (z HBO);120;10;120;L Box;236;236;SMART L - 136 kana³ów. HBO;"dostêpny dla Klientów posiadaj¹cych 
legitymacjê emeryta / rencisty
. cena z rabatem za e-fakturê";1;1;202.46;2;24;207.45;;;
174;CHOPIN;24;24;Dla Dwojga (z CANAL+ Seriale i Filmy);120;10;120;L Box;236;236;SMART L - 136 kana³ów. CANAL+ Seriale i Filmy;"dostêpny dla Klientów posiadaj¹cych 
legitymacjê emeryta / rencisty
. cena z rabatem za e-fakturê";1;1;185.56;2;24;190.55;;;
175;CHOPIN;12;12;Super Box;120;10;120;L Box;236;236;SMART L - 136 kana³ów;"dostêpny dla Klientów posiadaj¹cych 
legitymacjê emeryta / rencisty
. cena z rabatem za e-fakturê";1;1;183.56;2;12;188.55;;;
176;CHOPIN;24;24;Super Box;120;10;120;L Box;236;236;SMART L - 136 kana³ów;cena z rabatem za e-fakturê;1;1;173.56;2;24;178.55;;;
177;CHOPIN;12;12;Trzymaj z nami;120;10;120;L Box;236;236;SMART L - 136 kana³ów;"dostêpny dla Klientów posiadaj¹cych 
legitymacjê emeryta / rencisty
. cena z rabatem za e-fakturê";1;1;173.56;2;12;178.55;;;
178;CHOPIN;24;24;Trzymaj z nami;120;10;120;L Box;236;236;SMART L - 136 kana³ów;cena z rabatem za e-fakturê;1;1;163.56;2;24;168.55;;;
179;CHOPIN;24;24;Dla Dwojga (z CANAL+ Super Sport i HBO);300;15;300;L Box;236;236;SMART L - 136 kana³ów. CANAL+ Super Sport. HBO;cena z rabatem za e-fakturê;1;1;270.46;2;24;275.45;;;
180;CHOPIN;24;24;Dla Dwojga (z CANAL+ Super Sport);300;15;300;L Box;236;236;SMART L - 136 kana³ów. CANAL+ Super Sport;cena z rabatem za e-fakturê;1;1;230.56;2;24;235.55;;;
181;CHOPIN;24;24;Dla Dwojga (z CANAL+ Seriale i Filmy i HBO);300;15;300;L Box;236;236;SMART L - 136 kana³ów. CANAL+ Seriale i Filmy. HBO;cena z rabatem za e-fakturê;1;1;230.46;2;24;235.45;;;
182;CHOPIN;24;24;Dla Dwojga (z HBO);300;15;300;L Box;236;236;SMART L - 136 kana³ów. HBO;cena z rabatem za e-fakturê;1;1;207.46;2;24;212.45;;;
183;CHOPIN;12;12;Super Box;300;15;300;L Box;236;236;SMART L - 136 kana³ów;cena z rabatem za e-fakturê;1;1;199.56;2;12;204.55;;;
184;CHOPIN;12;12;Trzymaj z nami;300;15;300;L Box;236;236;SMART L - 136 kana³ów;cena z rabatem za e-fakturê;1;1;192.56;2;12;197.55;;;
185;CHOPIN;24;24;Dla Dwojga (z CANAL+ Seriale i Filmy);300;15;300;L Box;236;236;SMART L - 136 kana³ów. CANAL+ Seriale i Filmy;cena z rabatem za e-fakturê;1;1;189.56;2;24;195.55;;;
186;CHOPIN;24;24;Super Box;300;15;300;L Box;236;236;SMART L - 136 kana³ów;cena z rabatem za e-fakturê;1;1;189.56;2;24;194.55;;;
187;CHOPIN;24;24;Trzymaj z nami;300;15;300;L Box;236;236;SMART L - 136 kana³ów;cena z rabatem za e-fakturê;1;1;182.56;2;24;187.55;;;
188;CHOPIN;24;24;Dla Dwojga (z CANAL+ Super Sport i HBO);650;30;650;L Box;236;236;SMART L - 136 kana³ów. CANAL+ Super Sport. HBO;cena z rabatem za e-fakturê;1;1;275.46;2;24;280.45;;;
189;CHOPIN;24;24;Dla Dwojga (z CANAL+ Super Sport);650;30;650;L Box;236;236;SMART L - 136 kana³ów. CANAL+ Super Sport;cena z rabatem za e-fakturê;1;1;235.56;2;24;240.55;;;
190;CHOPIN;24;24;Dla Dwojga (z CANAL+ Seriale i Filmy i HBO);650;30;650;L Box;236;236;SMART L - 136 kana³ów. CANAL+ Seriale i Filmy. HBO;cena z rabatem za e-fakturê;1;1;235.46;2;24;240.45;;;
191;CHOPIN;24;24;Dla Dwojga (z HBO);650;30;650;L Box;236;236;SMART L - 136 kana³ów. HBO;cena z rabatem za e-fakturê;1;1;212.46;2;24;217.45;;;
192;CHOPIN;12;12;Super Box;650;30;650;L Box;236;236;SMART L - 136 kana³ów;cena z rabatem za e-fakturê;1;1;204.56;2;12;209.55;;;
193;CHOPIN;12;12;Trzymaj z nami;650;30;650;L Box;236;236;SMART L - 136 kana³ów;cena z rabatem za e-fakturê;1;1;197.56;2;12;202.55;;;
194;CHOPIN;24;24;Dla Dwojga (z CANAL+ Seriale i Filmy);650;30;650;L Box;236;236;SMART L - 136 kana³ów. CANAL+ Seriale i Filmy;cena z rabatem za e-fakturê;1;1;195.56;2;24;200.55;;;
195;CHOPIN;24;24;Super Box;650;30;650;L Box;236;236;SMART L - 136 kana³ów;cena z rabatem za e-fakturê;1;1;194.56;2;24;199.55;;;
196;CHOPIN;24;24;Trzymaj z nami;650;30;650;L Box;236;236;SMART L - 136 kana³ów;cena z rabatem za e-fakturê;1;1;187.56;2;24;192.55;;;
197;CHOPIN;12;12;STOP EXTRA NET I TV;650;30;650;L Box;236;236;;cena z rabatem za e-fakturê;1;12;67.54;;;;;;
198;CHOPIN;24;24;Dla Dwojga (z CANAL+ Super Sport i HBO);800;40;800;L Box;236;236;SMART L - 136 kana³ów. CANAL+ Super Sport. HBO;cena z rabatem za e-fakturê;1;1;311.46;2;24;316.45;;;
199;CHOPIN;24;24;Dla Dwojga (z CANAL+ Super Sport);800;40;800;L Box;236;236;SMART L - 136 kana³ów. CANAL+ Super Sport;cena z rabatem za e-fakturê;1;1;271.56;2;24;276.55;;;
200;CHOPIN;24;24;Dla Dwojga (z CANAL+ Seriale i Filmy i HBO);800;40;800;L Box;236;236;SMART L - 136 kana³ów. CANAL+ Seriale i Filmy. HBO;cena z rabatem za e-fakturê;1;1;271.46;2;24;276.45;;;
201;CHOPIN;24;24;Dla Dwojga (z HBO);800;40;800;L Box;236;236;SMART L - 136 kana³ów. HBO;cena z rabatem za e-fakturê;1;1;248.46;2;24;253.45;;;
202;CHOPIN;12;12;Super Box;800;40;800;L Box;236;236;SMART L - 136 kana³ów;cena z rabatem za e-fakturê;1;1;235.56;2;12;240.55;;;
203;CHOPIN;12;12;Trzymaj z nami;800;40;800;L Box;236;236;SMART L - 136 kana³ów;cena z rabatem za e-fakturê;1;1;233.56;2;12;238.55;;;
204;CHOPIN;24;24;Dla Dwojga (z CANAL+ Seriale i Filmy);800;40;800;L Box;236;236;SMART L - 136 kana³ów. CANAL+ Seriale i Filmy;cena z rabatem za e-fakturê;1;1;231.56;2;24;236.55;;;
205;CHOPIN;24;24;Super Box;800;40;800;L Box;236;236;SMART L - 136 kana³ów;cena z rabatem za e-fakturê;1;1;225.56;2;24;230.55;;;
206;CHOPIN;24;24;Trzymaj z nami;800;40;800;L Box;236;236;SMART L - 136 kana³ów;cena z rabatem za e-fakturê;1;1;223.56;2;24;228.55;;;
207;CHOPIN;12;12;Super Box;120;10;120;XXL Box;256;256;SMART L - 136 kana³ów;"dostêpny dla Klientów posiadaj¹cych 
legitymacjê emeryta / rencisty
. cena z rabatem za e-fakturê";1;1;269.56;2;12;274.55;;;
208;CHOPIN;24;24;Super Box;120;10;120;XXL Box;256;256;SMART L - 136 kana³ów;cena z rabatem za e-fakturê;1;1;259.56;2;24;264.55;;;
209;CHOPIN;12;12;Trzymaj z nami;120;10;120;XXL Box;256;256;SMART L - 136 kana³ów;"dostêpny dla Klientów posiadaj¹cych 
legitymacjê emeryta / rencisty
. cena z rabatem za e-fakturê";1;1;259.56;2;12;264.55;;;
210;CHOPIN;24;24;Trzymaj z nami;120;10;120;XXL Box;256;256;SMART L - 136 kana³ów;cena z rabatem za e-fakturê;1;1;249.56;2;24;254.55;;;
211;CHOPIN;24;24;Dla Dwojga;120;10;120;XXL Box;256;256;SMART L - 136 kana³ów;"dostêpny dla Klientów posiadaj¹cych 
legitymacjê emeryta / rencisty
. cena z rabatem za e-fakturê";1;1;246.56;2;24;251.55;;;
212;CHOPIN;12;12;Super Box;300;15;300;XXL Box;256;256;SMART L - 136 kana³ów;cena z rabatem za e-fakturê;1;1;285.56;2;12;290.55;;;
213;CHOPIN;12;12;Trzymaj z nami;300;15;300;XXL Box;256;256;SMART L - 136 kana³ów;cena z rabatem za e-fakturê;1;1;278.56;2;12;283.55;;;
214;CHOPIN;24;24;Super Box;300;15;300;XXL Box;256;256;SMART L - 136 kana³ów;cena z rabatem za e-fakturê;1;1;275.56;2;24;280.55;;;
215;CHOPIN;24;24;Trzymaj z nami;300;15;300;XXL Box;256;256;SMART L - 136 kana³ów;cena z rabatem za e-fakturê;1;1;268.56;2;24;273.55;;;
216;CHOPIN;24;24;Dla Dwojga;300;15;300;XXL Box;256;256;SMART L - 136 kana³ów;cena z rabatem za e-fakturê;1;1;251.56;2;24;256.55;;;
217;CHOPIN;12;12;Super Box;650;30;650;XXL Box;256;256;SMART L - 136 kana³ów;cena z rabatem za e-fakturê;1;1;290.56;2;12;295.55;;;
218;CHOPIN;12;12;Trzymaj z nami;650;30;650;XXL Box;256;256;SMART L - 136 kana³ów;cena z rabatem za e-fakturê;1;1;283.56;2;12;288.55;;;
219;CHOPIN;24;24;Super Box;650;30;650;XXL Box;256;256;SMART L - 136 kana³ów;cena z rabatem za e-fakturê;1;1;280.56;2;24;285.55;;;
220;CHOPIN;24;24;Trzymaj z nami;650;30;650;XXL Box;256;256;SMART L - 136 kana³ów;cena z rabatem za e-fakturê;1;1;273.56;2;24;278.55;;;
221;CHOPIN;24;24;Dla Dwojga;650;30;650;XXL Box;256;256;SMART L - 136 kana³ów;cena z rabatem za e-fakturê;1;1;256.56;2;24;261.55;;;
222;CHOPIN;12;12;STOP EXTRA NET I TV;650;30;650;XXL Box;256;256;;cena z rabatem za e-fakturê;1;12;92.4;;;;;;
223;CHOPIN;12;12;Super Box;800;40;800;XXL Box;256;256;SMART L - 136 kana³ów;cena z rabatem za e-fakturê;1;1;321.56;2;12;326.55;;;
224;CHOPIN;12;12;Trzymaj z nami;800;40;800;XXL Box;256;256;SMART L - 136 kana³ów;cena z rabatem za e-fakturê;1;1;319.56;2;12;324.55;;;
225;CHOPIN;24;24;Super Box;800;40;800;XXL Box;256;256;SMART L - 136 kana³ów;cena z rabatem za e-fakturê;1;1;311.56;2;24;316.55;;;
226;CHOPIN;24;24;Trzymaj z nami;800;40;800;XXL Box;256;256;SMART L - 136 kana³ów;cena z rabatem za e-fakturê;1;1;309.56;2;24;314.55;;;
227;CHOPIN;24;24;Dla Dwojga;800;40;800;XXL Box;256;256;SMART L - 136 kana³ów;cena z rabatem za e-fakturê;1;1;292.56;2;24;297.55;;;
228;CITYLINK;24;24;Dom;100;10;120;Pakiet Na start;84;57;;;1;24;70;;;;;;
229;CITYLINK;24;24;Blok;100;10;120;Pakiet Na start;84;57;;;1;24;50;;;;;;
230;CITYLINK;24;24;Dom;400;40;300;Pakiet Na start;84;57;;;1;24;85;;;;;;
231;CITYLINK;24;24;Blok;400;40;300;Pakiet Na start;84;57;;;1;24;60;;;;;;
232;CITYLINK;24;24;Dom;700;70;650;Pakiet Na start;84;57;;;1;24;95;;;;;;
233;CITYLINK;24;24;Blok;700;70;650;Pakiet Korzystny;143;129;;;1;24;85;;;;;;
234;CITYLINK;24;24;Dom;1000;100;800;Pakiet Korzystny;143;129;;;1;24;140;;;;;;
235;CITYLINK;24;24;Blok;700;70;650;Pakiet Bogaty;185;184;;;1;24;95;;;;;;
236;CITYLINK;24;24;Dom;1000;100;800;Pakiet Bogaty;185;184;;;1;24;160;;;;;;
237;CITYLINK;24;24;Blok;1000;100;800;Pakiet Bogaty;185;184;;;1;24;110;;;;;;
238;E-CHO;24;24;Internet + TV Blok(dom dodatkowe 10z);200;20;300;MINI HD;82;57;;Nagrywanie: 1 h;1;24;87.8;;;;;;
239;E-CHO;12;12;Internet + TV Blok(dom dodatkowe 10z);200;20;300;MINI HD;82;57;;Nagrywanie: 1 h;1;12;87.8;;;;;;
240;E-CHO;24;24;Internet + TV Blok+ tel stac(dom dodatkowe 10z);200;10;300;MINI HD;82;57;Tel. stac. TELE-CHO 0 (0 min);Nagrywanie: 1 h;1;24;92.8;;;;;;
241;E-CHO;24;24;Internet + TV Blok+ tel stac(dom dodatkowe 10z);200;10;300;MINI HD;82;57;Tel. stac. TELE-CHO 100 (100 min);Nagrywanie: 1 h;1;24;102.8;;;;;;
242;E-CHO;24;24;Internet + TV Blok+ tel stac(dom dodatkowe 10z);200;10;300;MINI HD;82;57;Tel. stac. TELE-CHO 300 (300 min);Nagrywanie: 1 h;1;24;112.8;;;;;;
243;E-CHO;24;24;Internet + TV Blok+ tel stac(dom dodatkowe 10z);200;10;300;MINI HD;82;57;Tel. stac. TELE-CHO NO LIMIT (bez limitu);Nagrywanie: 1 h;1;24;132.8;;;;;;
244;E-CHO;12;12;Internet + TV Blok+ tel stac(dom dodatkowe 10z);200;10;300;MINI HD;82;57;Tel. stac. TELE-CHO 0 (0 min);Nagrywanie: 1 h;1;12;92.8;;;;;;
245;E-CHO;12;12;Internet + TV Blok+ tel stac(dom dodatkowe 10z);200;10;300;MINI HD;82;57;Tel. stac. TELE-CHO 100 (100 min);Nagrywanie: 1 h;1;12;102.8;;;;;;
246;E-CHO;12;12;Internet + TV Blok+ tel stac(dom dodatkowe 10z);200;10;300;MINI HD;82;57;Tel. stac. TELE-CHO 300 (300 min);Nagrywanie: 1 h;1;12;112.8;;;;;;
247;E-CHO;12;12;Internet + TV Blok+ tel stac(dom dodatkowe 10z);200;10;300;MINI HD;82;57;Tel. stac. TELE-CHO NO LIMIT (bez limitu);Nagrywanie: 1 h;1;12;132.8;;;;;;
248;E-CHO;24;24;Internet + TV Blok(dom dodatkowe 10z);500;50;600;MINI HD;82;57;;Nagrywanie: 1 h;1;24;92.8;;;;;;
249;E-CHO;12;12;Internet + TV Blok(dom dodatkowe 10z);500;50;600;MINI HD;82;57;;Nagrywanie: 1 h;1;12;92.8;;;;;;
250;E-CHO;24;24;Internet + TV Blok+ tel stac(dom dodatkowe 10z);500;50;650;MINI HD;82;57;Tel. stac. TELE-CHO 0 (0 min);Nagrywanie: 1 h;1;24;97.8;;;;;;
251;E-CHO;24;24;Internet + TV Blok+ tel stac(dom dodatkowe 10z);500;50;650;MINI HD;82;57;Tel. stac. TELE-CHO 100 (100 min);Nagrywanie: 1 h;1;24;107.8;;;;;;
252;E-CHO;24;24;Internet + TV Blok+ tel stac(dom dodatkowe 10z);500;50;650;MINI HD;82;57;Tel. stac. TELE-CHO 300 (300 min);Nagrywanie: 1 h;1;24;117.8;;;;;;
253;E-CHO;24;24;Internet + TV Blok+ tel stac(dom dodatkowe 10z);500;50;650;MINI HD;82;57;Tel. stac. TELE-CHO NO LIMIT (bez limitu);Nagrywanie: 1 h;1;24;137.8;;;;;;
254;E-CHO;12;12;Internet + TV Blok+ tel stac(dom dodatkowe 10z);500;50;650;MINI HD;82;57;Tel. stac. TELE-CHO 0 (0 min);Nagrywanie: 1 h;1;12;97.8;;;;;;
255;E-CHO;12;12;Internet + TV Blok+ tel stac(dom dodatkowe 10z);500;50;650;MINI HD;82;57;Tel. stac. TELE-CHO 100 (100 min);Nagrywanie: 1 h;1;12;107.8;;;;;;
256;E-CHO;12;12;Internet + TV Blok+ tel stac(dom dodatkowe 10z);500;50;650;MINI HD;82;57;Tel. stac. TELE-CHO 300 (300 min);Nagrywanie: 1 h;1;12;117.8;;;;;;
257;E-CHO;12;12;Internet + TV Blok+ tel stac(dom dodatkowe 10z);500;50;650;MINI HD;82;57;Tel. stac. TELE-CHO NO LIMIT (bez limitu);Nagrywanie: 1 h;1;12;137.8;;;;;;
258;E-CHO;24;24;Internet + TV Blok(dom dodatkowe 10z);750;75;600;MINI HD;82;57;;Nagrywanie: 1 h;1;24;107.8;;;;;;
259;E-CHO;12;12;Internet + TV Blok(dom dodatkowe 10z);750;75;600;MINI HD;82;57;;Nagrywanie: 1 h;1;12;107.8;;;;;;
260;E-CHO;24;24;Internet + TV Blok+ tel stac(dom dodatkowe 10z);750;75;800;MINI HD;82;57;Tel. stac. TELE-CHO 0 (0 min);Nagrywanie: 1 h;1;24;97.8;;;;;;
261;E-CHO;24;24;Internet + TV Blok+ tel stac(dom dodatkowe 10z);750;75;800;MINI HD;82;57;Tel. stac. TELE-CHO 100 (100 min);Nagrywanie: 1 h;1;24;107.8;;;;;;
262;E-CHO;24;24;Internet + TV Blok+ tel stac(dom dodatkowe 10z);750;75;800;MINI HD;82;57;Tel. stac. TELE-CHO 300 (300 min);Nagrywanie: 1 h;1;24;117.8;;;;;;
263;E-CHO;24;24;Internet + TV Blok+ tel stac(dom dodatkowe 10z);750;75;800;MINI HD;82;57;Tel. stac. TELE-CHO NO LIMIT (bez limitu);Nagrywanie: 1 h;1;24;137.8;;;;;;
264;E-CHO;12;12;Internet + TV Blok+ tel stac(dom dodatkowe 10z);750;75;800;MINI HD;82;57;Tel. stac. TELE-CHO 0 (0 min);Nagrywanie: 1 h;1;12;97.8;;;;;;
265;E-CHO;12;12;Internet + TV Blok+ tel stac(dom dodatkowe 10z);750;75;800;MINI HD;82;57;Tel. stac. TELE-CHO 100 (100 min);Nagrywanie: 1 h;1;12;107.8;;;;;;
266;E-CHO;12;12;Internet + TV Blok+ tel stac(dom dodatkowe 10z);750;75;800;MINI HD;82;57;Tel. stac. TELE-CHO 300 (300 min);Nagrywanie: 1 h;1;12;117.8;;;;;;
267;E-CHO;12;12;Internet + TV Blok+ tel stac(dom dodatkowe 10z);750;75;800;MINI HD;82;57;Tel. stac. TELE-CHO NO LIMIT (bez limitu);Nagrywanie: 1 h;1;12;137.8;;;;;;
268;E-CHO;24;24;Internet + TV Blok(dom dodatkowe 10z);1000;100;800;MINI HD;82;57;;Nagrywanie: 1 h;1;24;127.8;;;;;;
269;E-CHO;12;12;Internet + TV Blok(dom dodatkowe 10z);1000;100;800;MINI HD;82;57;;Nagrywanie: 1 h;1;12;127.8;;;;;;
270;E-CHO;24;24;Internet + TV Blok+ tel stac(dom dodatkowe 10z);1000;100;800;MINI HD;82;57;Tel. stac. TELE-CHO 0 (0 min);Nagrywanie: 1 h;1;24;132.8;;;;;;
271;E-CHO;24;24;Internet + TV Blok+ tel stac(dom dodatkowe 10z);1000;100;800;MINI HD;82;57;Tel. stac. TELE-CHO 100 (100 min);Nagrywanie: 1 h;1;24;142.8;;;;;;
272;E-CHO;24;24;Internet + TV Blok+ tel stac(dom dodatkowe 10z);1000;100;800;MINI HD;82;57;Tel. stac. TELE-CHO 300 (300 min);Nagrywanie: 1 h;1;24;152.8;;;;;;
273;E-CHO;24;24;Internet + TV Blok+ tel stac(dom dodatkowe 10z);1000;100;800;MINI HD;82;57;Tel. stac. TELE-CHO NO LIMIT (bez limitu);Nagrywanie: 1 h;1;24;172.8;;;;;;
274;E-CHO;12;12;Internet + TV Blok+ tel stac(dom dodatkowe 10z);1000;100;800;MINI HD;82;57;Tel. stac. TELE-CHO 0 (0 min);Nagrywanie: 1 h;1;12;132.8;;;;;;
275;E-CHO;12;12;Internet + TV Blok+ tel stac(dom dodatkowe 10z);1000;100;800;MINI HD;82;57;Tel. stac. TELE-CHO 100 (100 min);Nagrywanie: 1 h;1;12;142.8;;;;;;
276;E-CHO;12;12;Internet + TV Blok+ tel stac(dom dodatkowe 10z);1000;100;800;MINI HD;82;57;Tel. stac. TELE-CHO 300 (300 min);Nagrywanie: 1 h;1;12;152.8;;;;;;
277;E-CHO;12;12;Internet + TV Blok+ tel stac(dom dodatkowe 10z);1000;100;800;MINI HD;82;57;Tel. stac. TELE-CHO NO LIMIT (bez limitu);Nagrywanie: 1 h;1;12;172.8;;;;;;
278;E-CHO;24;24;Internet + TV Blok(dom dodatkowe 10z);200;20;300;MA£Y HD;132;129;;Nagrywanie: 1 h;1;24;119.8;;;;;;
279;E-CHO;12;12;Internet + TV Blok(dom dodatkowe 10z);200;20;300;MA£Y HD;132;129;;Nagrywanie: 1 h;1;12;119.8;;;;;;
280;E-CHO;24;24;Internet + TV Blok+ tel stac(dom dodatkowe 10z);200;10;300;MA£Y HD;132;129;Tel. stac. TELE-CHO 0 (0 min);Nagrywanie: 1 h;1;24;124.8;;;;;;
281;E-CHO;24;24;Internet + TV Blok+ tel stac(dom dodatkowe 10z);200;10;300;MA£Y HD;132;129;Tel. stac. TELE-CHO 100 (100 min);Nagrywanie: 1 h;1;24;134.8;;;;;;
282;E-CHO;24;24;Internet + TV Blok+ tel stac(dom dodatkowe 10z);200;10;300;MA£Y HD;132;129;Tel. stac. TELE-CHO 300 (300 min);Nagrywanie: 1 h;1;24;144.8;;;;;;
283;E-CHO;24;24;Internet + TV Blok+ tel stac(dom dodatkowe 10z);200;10;300;MA£Y HD;132;129;Tel. stac. TELE-CHO NO LIMIT (bez limitu);Nagrywanie: 1 h;1;24;164.8;;;;;;
284;E-CHO;12;12;Internet + TV Blok+ tel stac(dom dodatkowe 10z);200;10;300;MA£Y HD;132;129;Tel. stac. TELE-CHO 0 (0 min);Nagrywanie: 1 h;1;12;124.8;;;;;;
285;E-CHO;12;12;Internet + TV Blok+ tel stac(dom dodatkowe 10z);200;10;300;MA£Y HD;132;129;Tel. stac. TELE-CHO 100 (100 min);Nagrywanie: 1 h;1;12;134.8;;;;;;
286;E-CHO;12;12;Internet + TV Blok+ tel stac(dom dodatkowe 10z);200;10;300;MA£Y HD;132;129;Tel. stac. TELE-CHO 300 (300 min);Nagrywanie: 1 h;1;12;144.8;;;;;;
287;E-CHO;12;12;Internet + TV Blok+ tel stac(dom dodatkowe 10z);200;10;300;MA£Y HD;132;129;Tel. stac. TELE-CHO NO LIMIT (bez limitu);Nagrywanie: 1 h;1;12;164.8;;;;;;
288;E-CHO;24;24;Internet + TV Blok(dom dodatkowe 10z);500;50;600;MA£Y HD;132;129;;Nagrywanie: 1 h;1;24;124.8;;;;;;
289;E-CHO;12;12;Internet + TV Blok(dom dodatkowe 10z);500;50;600;MA£Y HD;132;129;;Nagrywanie: 1 h;1;12;124.8;;;;;;
290;E-CHO;24;24;Internet + TV Blok+ tel stac(dom dodatkowe 10z);500;50;650;MA£Y HD;132;129;Tel. stac. TELE-CHO 0 (0 min);Nagrywanie: 1 h;1;24;129.8;;;;;;
291;E-CHO;24;24;Internet + TV Blok+ tel stac(dom dodatkowe 10z);500;50;650;MA£Y HD;132;129;Tel. stac. TELE-CHO 100 (100 min);Nagrywanie: 1 h;1;24;139.8;;;;;;
292;E-CHO;24;24;Internet + TV Blok+ tel stac(dom dodatkowe 10z);500;50;650;MA£Y HD;132;129;Tel. stac. TELE-CHO 300 (300 min);Nagrywanie: 1 h;1;24;149.8;;;;;;
293;E-CHO;24;24;Internet + TV Blok+ tel stac(dom dodatkowe 10z);500;50;650;MA£Y HD;132;129;Tel. stac. TELE-CHO NO LIMIT (bez limitu);Nagrywanie: 1 h;1;24;169.8;;;;;;
294;E-CHO;12;12;Internet + TV Blok+ tel stac(dom dodatkowe 10z);500;50;650;MA£Y HD;132;129;Tel. stac. TELE-CHO 0 (0 min);Nagrywanie: 1 h;1;12;129.8;;;;;;
295;E-CHO;12;12;Internet + TV Blok+ tel stac(dom dodatkowe 10z);500;50;650;MA£Y HD;132;129;Tel. stac. TELE-CHO 100 (100 min);Nagrywanie: 1 h;1;12;139.8;;;;;;
296;E-CHO;12;12;Internet + TV Blok+ tel stac(dom dodatkowe 10z);500;50;650;MA£Y HD;132;129;Tel. stac. TELE-CHO 300 (300 min);Nagrywanie: 1 h;1;12;149.8;;;;;;
297;E-CHO;12;12;Internet + TV Blok+ tel stac(dom dodatkowe 10z);500;50;650;MA£Y HD;132;129;Tel. stac. TELE-CHO NO LIMIT (bez limitu);Nagrywanie: 1 h;1;12;169.8;;;;;;
298;E-CHO;24;24;Internet + TV Blok(dom dodatkowe 10z);750;75;600;MA£Y HD;132;129;;Nagrywanie: 1 h;1;24;139.8;;;;;;
299;E-CHO;12;12;Internet + TV Blok(dom dodatkowe 10z);750;75;600;MA£Y HD;132;129;;Nagrywanie: 1 h;1;12;139.8;;;;;;
300;E-CHO;24;24;Internet + TV Blok+ tel stac(dom dodatkowe 10z);750;75;800;MA£Y HD;132;129;Tel. stac. TELE-CHO 0 (0 min);Nagrywanie: 1 h;1;24;129.8;;;;;;
301;E-CHO;24;24;Internet + TV Blok+ tel stac(dom dodatkowe 10z);750;75;800;MA£Y HD;132;129;Tel. stac. TELE-CHO 100 (100 min);Nagrywanie: 1 h;1;24;139.8;;;;;;
302;E-CHO;24;24;Internet + TV Blok+ tel stac(dom dodatkowe 10z);750;75;800;MA£Y HD;132;129;Tel. stac. TELE-CHO 300 (300 min);Nagrywanie: 1 h;1;24;149.8;;;;;;
303;E-CHO;24;24;Internet + TV Blok+ tel stac(dom dodatkowe 10z);750;75;800;MA£Y HD;132;129;Tel. stac. TELE-CHO NO LIMIT (bez limitu);Nagrywanie: 1 h;1;24;169.8;;;;;;
304;E-CHO;12;12;Internet + TV Blok+ tel stac(dom dodatkowe 10z);750;75;800;MA£Y HD;132;129;Tel. stac. TELE-CHO 0 (0 min);Nagrywanie: 1 h;1;12;129.8;;;;;;
305;E-CHO;12;12;Internet + TV Blok+ tel stac(dom dodatkowe 10z);750;75;800;MA£Y HD;132;129;Tel. stac. TELE-CHO 100 (100 min);Nagrywanie: 1 h;1;12;139.8;;;;;;
306;E-CHO;12;12;Internet + TV Blok+ tel stac(dom dodatkowe 10z);750;75;800;MA£Y HD;132;129;Tel. stac. TELE-CHO 300 (300 min);Nagrywanie: 1 h;1;12;149.8;;;;;;
307;E-CHO;12;12;Internet + TV Blok+ tel stac(dom dodatkowe 10z);750;75;800;MA£Y HD;132;129;Tel. stac. TELE-CHO NO LIMIT (bez limitu);Nagrywanie: 1 h;1;12;169.8;;;;;;
308;E-CHO;24;24;Internet + TV Blok(dom dodatkowe 10z);1000;100;800;MA£Y HD;132;129;;Nagrywanie: 1 h;1;24;159.8;;;;;;
309;E-CHO;12;12;Internet + TV Blok(dom dodatkowe 10z);1000;100;800;MA£Y HD;132;129;;Nagrywanie: 1 h;1;12;159.8;;;;;;
310;E-CHO;24;24;Internet + TV Blok+ tel stac(dom dodatkowe 10z);1000;100;800;MA£Y HD;132;129;Tel. stac. TELE-CHO 0 (0 min);Nagrywanie: 1 h;1;24;164.8;;;;;;
311;E-CHO;24;24;Internet + TV Blok+ tel stac(dom dodatkowe 10z);1000;100;800;MA£Y HD;132;129;Tel. stac. TELE-CHO 100 (100 min);Nagrywanie: 1 h;1;24;174.8;;;;;;
312;E-CHO;24;24;Internet + TV Blok+ tel stac(dom dodatkowe 10z);1000;100;800;MA£Y HD;132;129;Tel. stac. TELE-CHO 300 (300 min);Nagrywanie: 1 h;1;24;184.8;;;;;;
313;E-CHO;24;24;Internet + TV Blok+ tel stac(dom dodatkowe 10z);1000;100;800;MA£Y HD;132;129;Tel. stac. TELE-CHO NO LIMIT (bez limitu);Nagrywanie: 1 h;1;24;204.8;;;;;;
314;E-CHO;12;12;Internet + TV Blok+ tel stac(dom dodatkowe 10z);1000;100;800;MA£Y HD;132;129;Tel. stac. TELE-CHO 0 (0 min);Nagrywanie: 1 h;1;12;164.8;;;;;;
315;E-CHO;12;12;Internet + TV Blok+ tel stac(dom dodatkowe 10z);1000;100;800;MA£Y HD;132;129;Tel. stac. TELE-CHO 100 (100 min);Nagrywanie: 1 h;1;12;174.8;;;;;;
316;E-CHO;12;12;Internet + TV Blok+ tel stac(dom dodatkowe 10z);1000;100;800;MA£Y HD;132;129;Tel. stac. TELE-CHO 300 (300 min);Nagrywanie: 1 h;1;12;184.8;;;;;;
317;E-CHO;12;12;Internet + TV Blok+ tel stac(dom dodatkowe 10z);1000;100;800;MA£Y HD;132;129;Tel. stac. TELE-CHO NO LIMIT (bez limitu);Nagrywanie: 1 h;1;12;204.8;;;;;;
318;E-CHO;24;24;Internet + TV Blok(dom dodatkowe 10z);200;20;300;DU¯Y HD;175;184;;Nagrywanie: 5 h;1;24;140.8;;;;;;
319;E-CHO;12;12;Internet + TV Blok(dom dodatkowe 10z);200;20;300;DU¯Y HD;175;184;;Nagrywanie: 5 h;1;12;140.8;;;;;;
320;E-CHO;24;24;Internet + TV Blok+ tel stac(dom dodatkowe 10z);200;10;300;DU¯Y HD;175;184;Tel. stac. TELE-CHO 0 (0 min);Nagrywanie: 5 h;1;24;145.8;;;;;;
321;E-CHO;24;24;Internet + TV Blok+ tel stac(dom dodatkowe 10z);200;10;300;DU¯Y HD;175;184;Tel. stac. TELE-CHO 100 (100 min);Nagrywanie: 5 h;1;24;155.8;;;;;;
322;E-CHO;24;24;Internet + TV Blok+ tel stac(dom dodatkowe 10z);200;10;300;DU¯Y HD;175;184;Tel. stac. TELE-CHO 300 (300 min);Nagrywanie: 5 h;1;24;165.8;;;;;;
323;E-CHO;24;24;Internet + TV Blok+ tel stac(dom dodatkowe 10z);200;10;300;DU¯Y HD;175;184;Tel. stac. TELE-CHO NO LIMIT (bez limitu);Nagrywanie: 5 h;1;24;185.8;;;;;;
324;E-CHO;12;12;Internet + TV Blok+ tel stac(dom dodatkowe 10z);200;10;300;DU¯Y HD;175;184;Tel. stac. TELE-CHO 0 (0 min);Nagrywanie: 5 h;1;12;145.8;;;;;;
325;E-CHO;12;12;Internet + TV Blok+ tel stac(dom dodatkowe 10z);200;10;300;DU¯Y HD;175;184;Tel. stac. TELE-CHO 100 (100 min);Nagrywanie: 5 h;1;12;155.8;;;;;;
326;E-CHO;12;12;Internet + TV Blok+ tel stac(dom dodatkowe 10z);200;10;300;DU¯Y HD;175;184;Tel. stac. TELE-CHO 300 (300 min);Nagrywanie: 5 h;1;12;165.8;;;;;;
327;E-CHO;12;12;Internet + TV Blok+ tel stac(dom dodatkowe 10z);200;10;300;DU¯Y HD;175;184;Tel. stac. TELE-CHO NO LIMIT (bez limitu);Nagrywanie: 5 h;1;12;185.8;;;;;;
328;E-CHO;24;24;Internet + TV Blok(dom dodatkowe 10z);500;50;600;DU¯Y HD;175;184;;Nagrywanie: 5 h;1;24;145.8;;;;;;
329;E-CHO;12;12;Internet + TV Blok(dom dodatkowe 10z);500;50;600;DU¯Y HD;175;184;;Nagrywanie: 5 h;1;12;145.8;;;;;;
330;E-CHO;24;24;Internet + TV Blok+ tel stac(dom dodatkowe 10z);500;50;650;DU¯Y HD;175;184;Tel. stac. TELE-CHO 0 (0 min);Nagrywanie: 5 h;1;24;150.8;;;;;;
331;E-CHO;24;24;Internet + TV Blok+ tel stac(dom dodatkowe 10z);500;50;650;DU¯Y HD;175;184;Tel. stac. TELE-CHO 100 (100 min);Nagrywanie: 5 h;1;24;160.8;;;;;;
332;E-CHO;24;24;Internet + TV Blok+ tel stac(dom dodatkowe 10z);500;50;650;DU¯Y HD;175;184;Tel. stac. TELE-CHO 300 (300 min);Nagrywanie: 5 h;1;24;170.8;;;;;;
333;E-CHO;24;24;Internet + TV Blok+ tel stac(dom dodatkowe 10z);500;50;650;DU¯Y HD;175;184;Tel. stac. TELE-CHO NO LIMIT (bez limitu);Nagrywanie: 5 h;1;24;190.8;;;;;;
334;E-CHO;12;12;Internet + TV Blok+ tel stac(dom dodatkowe 10z);500;50;650;DU¯Y HD;175;184;Tel. stac. TELE-CHO 0 (0 min);Nagrywanie: 5 h;1;12;150.8;;;;;;
335;E-CHO;12;12;Internet + TV Blok+ tel stac(dom dodatkowe 10z);500;50;650;DU¯Y HD;175;184;Tel. stac. TELE-CHO 100 (100 min);Nagrywanie: 5 h;1;12;160.8;;;;;;
336;E-CHO;12;12;Internet + TV Blok+ tel stac(dom dodatkowe 10z);500;50;650;DU¯Y HD;175;184;Tel. stac. TELE-CHO 300 (300 min);Nagrywanie: 5 h;1;12;170.8;;;;;;
337;E-CHO;12;12;Internet + TV Blok+ tel stac(dom dodatkowe 10z);500;50;650;DU¯Y HD;175;184;Tel. stac. TELE-CHO NO LIMIT (bez limitu);Nagrywanie: 5 h;1;12;190.8;;;;;;
338;E-CHO;24;24;Internet + TV Blok(dom dodatkowe 10z);750;75;600;DU¯Y HD;175;184;;Nagrywanie: 5 h;1;24;160.8;;;;;;
339;E-CHO;12;12;Internet + TV Blok(dom dodatkowe 10z);750;75;600;DU¯Y HD;175;184;;Nagrywanie: 5 h;1;12;160.8;;;;;;
340;E-CHO;24;24;Internet + TV Blok+ tel stac(dom dodatkowe 10z);750;75;800;DU¯Y HD;175;184;Tel. stac. TELE-CHO 0 (0 min);Nagrywanie: 5 h;1;24;150.8;;;;;;
341;E-CHO;24;24;Internet + TV Blok+ tel stac(dom dodatkowe 10z);750;75;800;DU¯Y HD;175;184;Tel. stac. TELE-CHO 100 (100 min);Nagrywanie: 5 h;1;24;160.8;;;;;;
342;E-CHO;24;24;Internet + TV Blok+ tel stac(dom dodatkowe 10z);750;75;800;DU¯Y HD;175;184;Tel. stac. TELE-CHO 300 (300 min);Nagrywanie: 5 h;1;24;170.8;;;;;;
343;E-CHO;24;24;Internet + TV Blok+ tel stac(dom dodatkowe 10z);750;75;800;DU¯Y HD;175;184;Tel. stac. TELE-CHO NO LIMIT (bez limitu);Nagrywanie: 5 h;1;24;190.8;;;;;;
344;E-CHO;12;12;Internet + TV Blok+ tel stac(dom dodatkowe 10z);750;75;800;DU¯Y HD;175;184;Tel. stac. TELE-CHO 0 (0 min);Nagrywanie: 5 h;1;12;150.8;;;;;;
345;E-CHO;12;12;Internet + TV Blok+ tel stac(dom dodatkowe 10z);750;75;800;DU¯Y HD;175;184;Tel. stac. TELE-CHO 100 (100 min);Nagrywanie: 5 h;1;12;160.8;;;;;;
346;E-CHO;12;12;Internet + TV Blok+ tel stac(dom dodatkowe 10z);750;75;800;DU¯Y HD;175;184;Tel. stac. TELE-CHO 300 (300 min);Nagrywanie: 5 h;1;12;170.8;;;;;;
347;E-CHO;12;12;Internet + TV Blok+ tel stac(dom dodatkowe 10z);750;75;800;DU¯Y HD;175;184;Tel. stac. TELE-CHO NO LIMIT (bez limitu);Nagrywanie: 5 h;1;12;190.8;;;;;;
348;E-CHO;24;24;Internet + TV Blok(dom dodatkowe 10z);1000;100;800;DU¯Y HD;175;184;;Nagrywanie: 5 h;1;24;180.8;;;;;;
349;E-CHO;12;12;Internet + TV Blok(dom dodatkowe 10z);1000;100;800;DU¯Y HD;175;184;;Nagrywanie: 5 h;1;12;180.8;;;;;;
350;E-CHO;24;24;Internet + TV Blok+ tel stac(dom dodatkowe 10z);1000;100;800;DU¯Y HD;175;184;Tel. stac. TELE-CHO 0 (0 min);Nagrywanie: 5 h;1;24;185.8;;;;;;
351;E-CHO;24;24;Internet + TV Blok+ tel stac(dom dodatkowe 10z);1000;100;800;DU¯Y HD;175;184;Tel. stac. TELE-CHO 100 (100 min);Nagrywanie: 5 h;1;24;195.8;;;;;;
352;E-CHO;24;24;Internet + TV Blok+ tel stac(dom dodatkowe 10z);1000;100;800;DU¯Y HD;175;184;Tel. stac. TELE-CHO 300 (300 min);Nagrywanie: 5 h;1;24;205.8;;;;;;
353;E-CHO;24;24;Internet + TV Blok+ tel stac(dom dodatkowe 10z);1000;100;800;DU¯Y HD;175;184;Tel. stac. TELE-CHO NO LIMIT (bez limitu);Nagrywanie: 5 h;1;24;225.8;;;;;;
354;E-CHO;12;12;Internet + TV Blok+ tel stac(dom dodatkowe 10z);1000;100;800;DU¯Y HD;175;184;Tel. stac. TELE-CHO 0 (0 min);Nagrywanie: 5 h;1;12;185.8;;;;;;
355;E-CHO;12;12;Internet + TV Blok+ tel stac(dom dodatkowe 10z);1000;100;800;DU¯Y HD;175;184;Tel. stac. TELE-CHO 100 (100 min);Nagrywanie: 5 h;1;12;195.8;;;;;;
356;E-CHO;12;12;Internet + TV Blok+ tel stac(dom dodatkowe 10z);1000;100;800;DU¯Y HD;175;184;Tel. stac. TELE-CHO 300 (300 min);Nagrywanie: 5 h;1;12;205.8;;;;;;
357;E-CHO;12;12;Internet + TV Blok+ tel stac(dom dodatkowe 10z);1000;100;800;DU¯Y HD;175;184;Tel. stac. TELE-CHO NO LIMIT (bez limitu);Nagrywanie: 5 h;1;12;225.8;;;;;;
358;E-CHO;24;24;Internet + TV Blok(dom dodatkowe 10z);200;20;300;MEGA HD;206;184;;Nagrywanie: 5 h;1;24;167.8;;;;;;
359;E-CHO;12;12;Internet + TV Blok(dom dodatkowe 10z);200;20;300;MEGA HD;206;184;;Nagrywanie: 5 h;1;12;167.8;;;;;;
360;E-CHO;24;24;Internet + TV Blok+ tel stac(dom dodatkowe 10z);200;10;300;MEGA HD;206;184;Tel. stac. TELE-CHO 0 (0 min);Nagrywanie: 5 h;1;24;172.8;;;;;;
361;E-CHO;24;24;Internet + TV Blok+ tel stac(dom dodatkowe 10z);200;10;300;MEGA HD;206;184;Tel. stac. TELE-CHO 100 (100 min);Nagrywanie: 5 h;1;24;182.8;;;;;;
362;E-CHO;24;24;Internet + TV Blok+ tel stac(dom dodatkowe 10z);200;10;300;MEGA HD;206;184;Tel. stac. TELE-CHO 300 (300 min);Nagrywanie: 5 h;1;24;192.8;;;;;;
363;E-CHO;24;24;Internet + TV Blok+ tel stac(dom dodatkowe 10z);200;10;300;MEGA HD;206;184;Tel. stac. TELE-CHO NO LIMIT (bez limitu);Nagrywanie: 5 h;1;24;212.8;;;;;;
364;E-CHO;12;12;Internet + TV Blok+ tel stac(dom dodatkowe 10z);200;10;300;MEGA HD;206;184;Tel. stac. TELE-CHO 0 (0 min);Nagrywanie: 5 h;1;12;172.8;;;;;;
365;E-CHO;12;12;Internet + TV Blok+ tel stac(dom dodatkowe 10z);200;10;300;MEGA HD;206;184;Tel. stac. TELE-CHO 100 (100 min);Nagrywanie: 5 h;1;12;182.8;;;;;;
366;E-CHO;12;12;Internet + TV Blok+ tel stac(dom dodatkowe 10z);200;10;300;MEGA HD;206;184;Tel. stac. TELE-CHO 300 (300 min);Nagrywanie: 5 h;1;12;192.8;;;;;;
367;E-CHO;12;12;Internet + TV Blok+ tel stac(dom dodatkowe 10z);200;10;300;MEGA HD;206;184;Tel. stac. TELE-CHO NO LIMIT (bez limitu);Nagrywanie: 5 h;1;12;212.8;;;;;;
368;E-CHO;24;24;Internet + TV Blok(dom dodatkowe 10z);500;50;600;MEGA HD;206;184;;Nagrywanie: 5 h;1;24;172.8;;;;;;
369;E-CHO;12;12;Internet + TV Blok(dom dodatkowe 10z);500;50;600;MEGA HD;206;184;;Nagrywanie: 5 h;1;12;172.8;;;;;;
370;E-CHO;24;24;Internet + TV Blok+ tel stac(dom dodatkowe 10z);500;50;650;MEGA HD;206;184;Tel. stac. TELE-CHO 0 (0 min);Nagrywanie: 5 h;1;24;177.8;;;;;;
371;E-CHO;24;24;Internet + TV Blok+ tel stac(dom dodatkowe 10z);500;50;650;MEGA HD;206;184;Tel. stac. TELE-CHO 100 (100 min);Nagrywanie: 5 h;1;24;187.8;;;;;;
372;E-CHO;24;24;Internet + TV Blok+ tel stac(dom dodatkowe 10z);500;50;650;MEGA HD;206;184;Tel. stac. TELE-CHO 300 (300 min);Nagrywanie: 5 h;1;24;197.8;;;;;;
373;E-CHO;24;24;Internet + TV Blok+ tel stac(dom dodatkowe 10z);500;50;650;MEGA HD;206;184;Tel. stac. TELE-CHO NO LIMIT (bez limitu);Nagrywanie: 5 h;1;24;217.8;;;;;;
374;E-CHO;12;12;Internet + TV Blok+ tel stac(dom dodatkowe 10z);500;50;650;MEGA HD;206;184;Tel. stac. TELE-CHO 0 (0 min);Nagrywanie: 5 h;1;12;177.8;;;;;;
375;E-CHO;12;12;Internet + TV Blok+ tel stac(dom dodatkowe 10z);500;50;650;MEGA HD;206;184;Tel. stac. TELE-CHO 100 (100 min);Nagrywanie: 5 h;1;12;187.8;;;;;;
376;E-CHO;12;12;Internet + TV Blok+ tel stac(dom dodatkowe 10z);500;50;650;MEGA HD;206;184;Tel. stac. TELE-CHO 300 (300 min);Nagrywanie: 5 h;1;12;197.8;;;;;;
377;E-CHO;12;12;Internet + TV Blok+ tel stac(dom dodatkowe 10z);500;50;650;MEGA HD;206;184;Tel. stac. TELE-CHO NO LIMIT (bez limitu);Nagrywanie: 5 h;1;12;217.8;;;;;;
378;E-CHO;24;24;Internet + TV Blok(dom dodatkowe 10z);750;75;600;MEGA HD;206;184;;Nagrywanie: 5 h;1;24;187.8;;;;;;
379;E-CHO;12;12;Internet + TV Blok(dom dodatkowe 10z);750;75;600;MEGA HD;206;184;;Nagrywanie: 5 h;1;12;187.8;;;;;;
380;E-CHO;24;24;Internet + TV Blok+ tel stac(dom dodatkowe 10z);750;75;800;MEGA HD;206;184;Tel. stac. TELE-CHO 0 (0 min);Nagrywanie: 5 h;1;24;177.8;;;;;;
381;E-CHO;24;24;Internet + TV Blok+ tel stac(dom dodatkowe 10z);750;75;800;MEGA HD;206;184;Tel. stac. TELE-CHO 100 (100 min);Nagrywanie: 5 h;1;24;187.8;;;;;;
382;E-CHO;24;24;Internet + TV Blok+ tel stac(dom dodatkowe 10z);750;75;800;MEGA HD;206;184;Tel. stac. TELE-CHO 300 (300 min);Nagrywanie: 5 h;1;24;197.8;;;;;;
383;E-CHO;24;24;Internet + TV Blok+ tel stac(dom dodatkowe 10z);750;75;800;MEGA HD;206;184;Tel. stac. TELE-CHO NO LIMIT (bez limitu);Nagrywanie: 5 h;1;24;217.8;;;;;;
384;E-CHO;12;12;Internet + TV Blok+ tel stac(dom dodatkowe 10z);750;75;800;MEGA HD;206;184;Tel. stac. TELE-CHO 0 (0 min);Nagrywanie: 5 h;1;12;177.8;;;;;;
385;E-CHO;12;12;Internet + TV Blok+ tel stac(dom dodatkowe 10z);750;75;800;MEGA HD;206;184;Tel. stac. TELE-CHO 100 (100 min);Nagrywanie: 5 h;1;12;187.8;;;;;;
386;E-CHO;12;12;Internet + TV Blok+ tel stac(dom dodatkowe 10z);750;75;800;MEGA HD;206;184;Tel. stac. TELE-CHO 300 (300 min);Nagrywanie: 5 h;1;12;197.8;;;;;;
387;E-CHO;12;12;Internet + TV Blok+ tel stac(dom dodatkowe 10z);750;75;800;MEGA HD;206;184;Tel. stac. TELE-CHO NO LIMIT (bez limitu);Nagrywanie: 5 h;1;12;217.8;;;;;;
388;E-CHO;24;24;Internet + TV Blok(dom dodatkowe 10z);1000;100;800;MEGA HD;206;184;;Nagrywanie: 5 h;1;24;207.8;;;;;;
389;E-CHO;12;12;Internet + TV Blok(dom dodatkowe 10z);1000;100;800;MEGA HD;206;184;;Nagrywanie: 5 h;1;12;207.8;;;;;;
390;E-CHO;24;24;Internet + TV Blok+ tel stac(dom dodatkowe 10z);1000;100;800;MEGA HD;206;184;Tel. stac. TELE-CHO 0 (0 min);Nagrywanie: 5 h;1;24;212.8;;;;;;
391;E-CHO;24;24;Internet + TV Blok+ tel stac(dom dodatkowe 10z);1000;100;800;MEGA HD;206;184;Tel. stac. TELE-CHO 100 (100 min);Nagrywanie: 5 h;1;24;222.8;;;;;;
392;E-CHO;24;24;Internet + TV Blok+ tel stac(dom dodatkowe 10z);1000;100;800;MEGA HD;206;184;Tel. stac. TELE-CHO 300 (300 min);Nagrywanie: 5 h;1;24;232.8;;;;;;
393;E-CHO;24;24;Internet + TV Blok+ tel stac(dom dodatkowe 10z);1000;100;800;MEGA HD;206;184;Tel. stac. TELE-CHO NO LIMIT (bez limitu);Nagrywanie: 5 h;1;24;252.8;;;;;;
394;E-CHO;12;12;Internet + TV Blok+ tel stac(dom dodatkowe 10z);1000;100;800;MEGA HD;206;184;Tel. stac. TELE-CHO 0 (0 min);Nagrywanie: 5 h;1;12;212.8;;;;;;
395;E-CHO;12;12;Internet + TV Blok+ tel stac(dom dodatkowe 10z);1000;100;800;MEGA HD;206;184;Tel. stac. TELE-CHO 100 (100 min);Nagrywanie: 5 h;1;12;222.8;;;;;;
396;E-CHO;12;12;Internet + TV Blok+ tel stac(dom dodatkowe 10z);1000;100;800;MEGA HD;206;184;Tel. stac. TELE-CHO 300 (300 min);Nagrywanie: 5 h;1;12;232.8;;;;;;
397;E-CHO;12;12;Internet + TV Blok+ tel stac(dom dodatkowe 10z);1000;100;800;MEGA HD;206;184;Tel. stac. TELE-CHO NO LIMIT (bez limitu);Nagrywanie: 5 h;1;12;252.8;;;;;;
398;ELTRONIK;24;24;HFC + Telewizja;500;100;650;DOM PLUS;100;129;;;1;24;116.9;;;;;;
399;ELTRONIK;24;24;GPON SFH + Telewizja;600;150;650;DOM PLUS;100;129;;;1;24;137;;;;;;
400;ELTRONIK;24;24;GPON MFH + Telewizja;600;150;650;DOM PLUS;100;129;;;1;24;121.9;;;;;;
401;ELTRONIK;24;24;GPON SFH + Telewizja;700;150;650;DOM PLUS;100;129;;;1;24;147;;;;;;
402;ELTRONIK;24;24;GPON MFH + Telewizja;700;150;650;DOM PLUS;100;129;;;1;24;131.9;;;;;;
403;ELTRONIK;24;24;GPON SFH + Telewizja;900;200;800;DOM PLUS;100;129;;;1;24;161;;;;;;
404;ELTRONIK;24;24;GPON MFH + Telewizja;900;200;800;DOM PLUS;100;129;;;1;24;151;;;;;;
405;ELTRONIK;24;24;GPON SFH + Telewizja;1000;200;800;DOM PLUS;100;129;;;1;24;172;;;;;;
406;ELTRONIK;24;24;GPON MFH + Telewizja;1000;200;800;DOM PLUS;100;129;;;1;24;162;;;;;;
407;ELTRONIK;24;24;HFC + Telewizja;500;100;650;DOM LUX;145;129;;;1;24;134.9;;;;;;
408;ELTRONIK;24;24;GPON SFH + Telewizja;600;150;650;DOM LUX;145;129;;;1;24;155;;;;;;
409;ELTRONIK;24;24;GPON MFH + Telewizja;600;150;650;DOM LUX;145;129;;;1;24;139.9;;;;;;
410;ELTRONIK;24;24;GPON SFH + Telewizja;700;150;650;DOM LUX;145;129;;;1;24;165;;;;;;
411;ELTRONIK;24;24;GPON MFH + Telewizja;700;150;650;DOM LUX;145;129;;;1;24;149.9;;;;;;
412;ELTRONIK;24;24;GPON SFH + Telewizja;900;200;800;DOM LUX;145;129;;;1;24;179;;;;;;
413;ELTRONIK;24;24;GPON MFH + Telewizja;900;200;800;DOM LUX;145;129;;;1;24;169;;;;;;
414;ELTRONIK;24;24;GPON SFH + Telewizja;1000;200;800;DOM LUX;145;129;;;1;24;190;;;;;;
415;ELTRONIK;24;24;GPON MFH + Telewizja;1000;200;800;DOM LUX;145;129;;;1;24;180;;;;;;
416;ELTRONIK;24;24;HFC + Telewizja;500;100;650;DOM VIP;156;129;;;1;24;194.9;;;;;;
417;ELTRONIK;24;24;GPON SFH + Telewizja;600;150;650;DOM VIP;156;129;;;1;24;215;;;;;;
418;ELTRONIK;24;24;GPON MFH + Telewizja;600;150;650;DOM VIP;156;129;;;1;24;199.9;;;;;;
419;ELTRONIK;24;24;GPON SFH + Telewizja;700;150;650;DOM VIP;156;129;;;1;24;225;;;;;;
420;ELTRONIK;24;24;GPON MFH + Telewizja;700;150;650;DOM VIP;156;129;;;1;24;209.9;;;;;;
421;ELTRONIK;24;24;GPON SFH + Telewizja;900;200;800;DOM VIP;156;129;;;1;24;239;;;;;;
422;ELTRONIK;24;24;GPON MFH + Telewizja;900;200;800;DOM VIP;156;129;;;1;24;229;;;;;;
423;ELTRONIK;24;24;GPON SFH + Telewizja;1000;200;800;DOM VIP;156;129;;;1;24;250;;;;;;
424;ELTRONIK;24;24;GPON MFH + Telewizja;1000;200;800;DOM VIP;156;129;;;1;24;240;;;;;;
425;GECKONET;24;24;Internet i Telewizja;100;20;120;Pakiet Kiss;70;57;;;1;1;30.9;2;24;69.9;;;
426;GECKONET;24;24;Internet i Telewizja;300;30;300;Pakiet Kiss;70;57;;;1;1;30.9;2;24;79.9;;;
427;GECKONET;24;24;Internet i Telewizja;600;60;650;Pakiet Kiss;70;57;;;1;1;30.9;2;24;99.9;;;
428;GECKONET;24;24;Internet i Telewizja;1000;100;800;Pakiet Kiss;70;57;;;1;1;30.9;2;24;119.9;;;
429;GECKONET;24;24;Internet i Telewizja;100;20;120;Pakiet Smile;124;129;;;1;1;50.9;2;24;89.9;;;
430;GECKONET;24;24;Internet i Telewizja;300;30;300;Pakiet Smile;124;129;;;1;1;50.9;2;24;99.9;;;
431;GECKONET;24;24;Internet i Telewizja;600;60;650;Pakiet Smile;124;129;;;1;1;50.9;2;24;119.9;;;
432;GECKONET;24;24;Internet i Telewizja;1000;100;800;Pakiet Smile;124;129;;;1;1;50.9;2;24;139.9;;;
433;GECKONET;24;24;Internet i Telewizja;100;20;120;Pakiet Hug;182;184;;;1;1;70.9;2;24;109.9;;;
434;GECKONET;24;24;Internet i Telewizja;300;30;300;Pakiet Hug;182;184;;;1;1;70.9;2;24;119.9;;;
435;GECKONET;24;24;Internet i Telewizja;600;60;650;Pakiet Hug;182;184;;;1;1;70.9;2;24;139.9;;;
436;GECKONET;24;24;Internet i Telewizja;1000;100;800;Pakiet Hug;182;184;;;1;1;70.9;2;24;159.9;;;
437;HISPEED;24;24;Internet i Telewizja;300;30;300;Pakiet Podstawowy;62;57;;;1;24;73;;;;;;
438;HISPEED;24;24;Internet i Telewizja;600;60;650;Pakiet Podstawowy;62;57;;;1;24;93;;;;;;
439;HISPEED;24;24;Internet i Telewizja;1000;100;800;Pakiet Podstawowy;62;57;;;1;24;108;;;;;;
440;INEA;12;12;Internet i Telewizja;300;50;300;Paczka START + REGIO;72;57;;cena z rabatami;1;6;0;7;12;89;;;
441;INEA;12;12;Internet i Telewizja;600;100;650;Paczka START + REGIO;72;57;;cena z rabatami;1;6;0;7;12;99;;;
442;INEA;999;999;Internet i Telewizja;1000;1000;800;Paczka START + REGIO;72;57;;cena z rabatami;1;5;0;6;999;109;;;
443;INEA;12;12;Internet i Telewizja;1000;1000;800;Paczka START + REGIO;72;57;;cena z rabatami;1;6;0;7;12;109;;;
444;INEA;24;24;Internet i Telewizja;1000;1000;800;Paczka START + REGIO + CLASSIC;137;129;;cena z rabatami;1;24;91;;;;;;
445;INEA;24;24;Internet i Telewizja;1000;1000;800;Paczka START + REGIO + EXTRA;202;184;;cena z rabatami;1;24;101;;;;;;
446;INTELLY;12;12;Internet i Telewizja+ tel stac;300;30;300;Pakiet Oszczêdny;89;57;stac Plan 3000;;1;12;158.9;;;;;;
447;INTELLY;12;12;Internet i Telewizja+ tel stac;300;30;300;Pakiet Oszczêdny;89;57;stac Plan 400;;1;12;148.9;;;;;;
448;INTELLY;24;24;Internet i Telewizja+ tel stac;300;30;300;Pakiet Oszczêdny;89;57;stac Plan 3000;;1;24;148.9;;;;;;
449;INTELLY;12;12;Internet i Telewizja+ tel stac;300;30;300;Pakiet Oszczêdny;89;57;stac Plan 120;;1;12;144.9;;;;;;
450;INTELLY;12;12;Internet i Telewizja+ tel stac;300;30;300;Pakiet Oszczêdny;89;57;STAC Plan 100;;1;12;141.9;;;;;;
451;INTELLY;12;12;Internet i Telewizja+ tel stac;300;30;300;Pakiet Oszczêdny;89;57;STAC Plan 60;;1;12;139;;;;;;
452;INTELLY;24;24;Internet i Telewizja+ tel stac;300;30;300;Pakiet Oszczêdny;89;57;stac Plan 400;;1;24;138.9;;;;;;
453;INTELLY;12;12;Internet i Telewizja+ tel stac;300;30;300;Pakiet Oszczêdny;89;57;STAC Plan START;;1;12;134.9;;;;;;
454;INTELLY;24;24;Internet i Telewizja+ tel stac;300;30;300;Pakiet Oszczêdny;89;57;stac Plan 120;;1;24;134.9;;;;;;
455;INTELLY;24;24;Internet i Telewizja+ tel stac;300;30;300;Pakiet Oszczêdny;89;57;STAC Plan 100;;1;24;131.9;;;;;;
456;INTELLY;12;12;Internet i Telewizja;300;30;300;Pakiet Oszczêdny;89;57;;;1;12;129;;;;;;
457;INTELLY;24;24;Internet i Telewizja+ tel stac;300;30;300;Pakiet Oszczêdny;89;57;STAC Plan 60;;1;24;129;;;;;;
458;INTELLY;24;24;Internet i Telewizja+ tel stac;300;30;300;Pakiet Oszczêdny;89;57;STAC Plan START;;1;24;124.9;;;;;;
459;INTELLY;24;24;Internet i Telewizja;300;30;300;Pakiet Oszczêdny;89;57;;;1;24;119;;;;;;
460;INTELLY;12;12;Internet i Telewizja+ tel stac;600;x;650;Pakiet Oszczêdny;89;57;stac Plan 3000;;1;12;168.9;;;;;;
461;INTELLY;12;12;Internet i Telewizja+ tel stac;600;x;650;Pakiet Oszczêdny;89;57;stac Plan 400;;1;12;158.9;;;;;;
462;INTELLY;24;24;Internet i Telewizja+ tel stac;600;x;650;Pakiet Oszczêdny;89;57;stac Plan 3000;;1;24;158.9;;;;;;
463;INTELLY;12;12;Internet i Telewizja+ tel stac;600;x;650;Pakiet Oszczêdny;89;57;stac Plan 120;;1;12;154.9;;;;;;
464;INTELLY;12;12;Internet i Telewizja+ tel stac;600;x;650;Pakiet Oszczêdny;89;57;STAC Plan 100;;1;12;151.9;;;;;;
465;INTELLY;12;12;Internet i Telewizja+ tel stac;600;x;650;Pakiet Oszczêdny;89;57;STAC Plan 60;;1;12;149;;;;;;
466;INTELLY;24;24;Internet i Telewizja+ tel stac;600;x;650;Pakiet Oszczêdny;89;57;stac Plan 400;;1;24;148.9;;;;;;
467;INTELLY;12;12;Internet i Telewizja+ tel stac;600;x;650;Pakiet Oszczêdny;89;57;STAC Plan START;;1;12;144.9;;;;;;
468;INTELLY;24;24;Internet i Telewizja+ tel stac;600;x;650;Pakiet Oszczêdny;89;57;stac Plan 120;;1;24;144.9;;;;;;
469;INTELLY;24;24;Internet i Telewizja+ tel stac;600;x;650;Pakiet Oszczêdny;89;57;STAC Plan 100;;1;24;141.9;;;;;;
470;INTELLY;12;12;Internet i Telewizja;600;x;650;Pakiet Oszczêdny;89;57;;;1;12;139;;;;;;
471;INTELLY;24;24;Internet i Telewizja+ tel stac;600;x;650;Pakiet Oszczêdny;89;57;STAC Plan 60;;1;24;139;;;;;;
472;INTELLY;24;24;Internet i Telewizja+ tel stac;600;x;650;Pakiet Oszczêdny;89;57;STAC Plan START;;1;24;134.9;;;;;;
473;INTELLY;24;24;Internet i Telewizja;600;x;650;Pakiet Oszczêdny;89;57;;;1;24;129;;;;;;
474;INTELLY;12;12;Internet i Telewizja+ tel stac;1000;x;800;Pakiet Oszczêdny;89;57;stac Plan 3000;;1;12;188.9;;;;;;
475;INTELLY;12;12;Internet i Telewizja+ tel stac;1000;x;800;Pakiet Oszczêdny;89;57;stac Plan 400;;1;12;178.9;;;;;;
476;INTELLY;24;24;Internet i Telewizja+ tel stac;1000;x;800;Pakiet Oszczêdny;89;57;stac Plan 3000;;1;24;178.9;;;;;;
477;INTELLY;12;12;Internet i Telewizja+ tel stac;1000;x;800;Pakiet Oszczêdny;89;57;stac Plan 120;;1;12;174.9;;;;;;
478;INTELLY;12;12;Internet i Telewizja+ tel stac;1000;x;800;Pakiet Oszczêdny;89;57;STAC Plan 100;;1;12;171.9;;;;;;
479;INTELLY;12;12;Internet i Telewizja+ tel stac;1000;x;800;Pakiet Oszczêdny;89;57;STAC Plan 60;;1;12;169;;;;;;
480;INTELLY;24;24;Internet i Telewizja+ tel stac;1000;x;800;Pakiet Oszczêdny;89;57;stac Plan 400;;1;24;168.9;;;;;;
481;INTELLY;12;12;Internet i Telewizja+ tel stac;1000;x;800;Pakiet Oszczêdny;89;57;STAC Plan START;;1;12;164.9;;;;;;
482;INTELLY;24;24;Internet i Telewizja+ tel stac;1000;x;800;Pakiet Oszczêdny;89;57;stac Plan 120;;1;24;164.9;;;;;;
483;INTELLY;24;24;Internet i Telewizja+ tel stac;1000;x;800;Pakiet Oszczêdny;89;57;STAC Plan 100;;1;24;161.9;;;;;;
484;INTELLY;12;12;Internet i Telewizja;1000;x;800;Pakiet Oszczêdny;89;57;;;1;12;159;;;;;;
485;INTELLY;24;24;Internet i Telewizja+ tel stac;1000;x;800;Pakiet Oszczêdny;89;57;STAC Plan 60;;1;24;159;;;;;;
486;INTELLY;24;24;Internet i Telewizja+ tel stac;1000;x;800;Pakiet Oszczêdny;89;57;STAC Plan START;;1;24;154.9;;;;;;
487;INTELLY;24;24;Internet i Telewizja;1000;x;800;Pakiet Oszczêdny;89;57;;;1;24;149;;;;;;
488;INTELLY;12;12;Internet i Telewizja+ tel stac;300;30;300;Pakiet Wygodny;138;129;stac Plan 3000;;1;12;178.9;;;;;;
489;INTELLY;12;12;Internet i Telewizja+ tel stac;300;30;300;Pakiet Wygodny;138;129;stac Plan 400;;1;12;168.9;;;;;;
490;INTELLY;24;24;Internet i Telewizja+ tel stac;300;30;300;Pakiet Wygodny;138;129;stac Plan 3000;;1;24;168.9;;;;;;
491;INTELLY;12;12;Internet i Telewizja+ tel stac;300;30;300;Pakiet Wygodny;138;129;stac Plan 120;;1;12;164.9;;;;;;
492;INTELLY;12;12;Internet i Telewizja+ tel stac;300;30;300;Pakiet Wygodny;138;129;STAC Plan 100;;1;12;161.9;;;;;;
493;INTELLY;12;12;Internet i Telewizja+ tel stac;300;30;300;Pakiet Wygodny;138;129;STAC Plan 60;;1;12;159;;;;;;
494;INTELLY;24;24;Internet i Telewizja+ tel stac;300;30;300;Pakiet Wygodny;138;129;stac Plan 400;;1;24;158.9;;;;;;
495;INTELLY;12;12;Internet i Telewizja+ tel stac;300;30;300;Pakiet Wygodny;138;129;STAC Plan START;;1;12;154.9;;;;;;
496;INTELLY;24;24;Internet i Telewizja+ tel stac;300;30;300;Pakiet Wygodny;138;129;stac Plan 120;;1;24;154.9;;;;;;
497;INTELLY;24;24;Internet i Telewizja+ tel stac;300;30;300;Pakiet Wygodny;138;129;STAC Plan 100;;1;24;151.9;;;;;;
498;INTELLY;12;12;Internet i Telewizja;300;30;300;Pakiet Wygodny;138;129;;;1;12;149;;;;;;
499;INTELLY;24;24;Internet i Telewizja+ tel stac;300;30;300;Pakiet Wygodny;138;129;STAC Plan 60;;1;24;149;;;;;;
500;INTELLY;24;24;Internet i Telewizja+ tel stac;300;30;300;Pakiet Wygodny;138;129;STAC Plan START;;1;24;144.9;;;;;;
501;INTELLY;24;24;Internet i Telewizja;300;30;300;Pakiet Wygodny;138;129;;;1;24;139;;;;;;
502;INTELLY;12;12;Internet i Telewizja+ tel stac;600;x;650;Pakiet Wygodny;138;129;stac Plan 3000;;1;12;188.9;;;;;;
503;INTELLY;12;12;Internet i Telewizja+ tel stac;600;x;650;Pakiet Wygodny;138;129;stac Plan 400;;1;12;178.9;;;;;;
504;INTELLY;24;24;Internet i Telewizja+ tel stac;600;x;650;Pakiet Wygodny;138;129;stac Plan 3000;;1;24;178.9;;;;;;
505;INTELLY;12;12;Internet i Telewizja+ tel stac;600;x;650;Pakiet Wygodny;138;129;stac Plan 120;;1;12;174.9;;;;;;
506;INTELLY;12;12;Internet i Telewizja+ tel stac;600;x;650;Pakiet Wygodny;138;129;STAC Plan 100;;1;12;171.9;;;;;;
507;INTELLY;12;12;Internet i Telewizja+ tel stac;600;x;650;Pakiet Wygodny;138;129;STAC Plan 60;;1;12;169;;;;;;
508;INTELLY;24;24;Internet i Telewizja+ tel stac;600;x;650;Pakiet Wygodny;138;129;stac Plan 400;;1;24;168.9;;;;;;
509;INTELLY;12;12;Internet i Telewizja+ tel stac;600;x;650;Pakiet Wygodny;138;129;STAC Plan START;;1;12;164.9;;;;;;
510;INTELLY;24;24;Internet i Telewizja+ tel stac;600;x;650;Pakiet Wygodny;138;129;stac Plan 120;;1;24;164.9;;;;;;
511;INTELLY;24;24;Internet i Telewizja+ tel stac;600;x;650;Pakiet Wygodny;138;129;STAC Plan 100;;1;24;161.9;;;;;;
512;INTELLY;12;12;Internet i Telewizja;600;x;650;Pakiet Wygodny;138;129;;;1;12;159;;;;;;
513;INTELLY;24;24;Internet i Telewizja+ tel stac;600;x;650;Pakiet Wygodny;138;129;STAC Plan 60;;1;24;159;;;;;;
514;INTELLY;24;24;Internet i Telewizja+ tel stac;600;x;650;Pakiet Wygodny;138;129;STAC Plan START;;1;24;154.9;;;;;;
515;INTELLY;24;24;Internet i Telewizja;600;x;650;Pakiet Wygodny;138;129;;;1;24;149;;;;;;
516;INTELLY;12;12;Internet i Telewizja+ tel stac;1000;x;800;Pakiet Wygodny;138;129;stac Plan 3000;;1;12;208.9;;;;;;
517;INTELLY;12;12;Internet i Telewizja+ tel stac;1000;x;800;Pakiet Wygodny;138;129;stac Plan 400;;1;12;198.9;;;;;;
518;INTELLY;24;24;Internet i Telewizja+ tel stac;1000;x;800;Pakiet Wygodny;138;129;stac Plan 3000;;1;24;198.9;;;;;;
519;INTELLY;12;12;Internet i Telewizja+ tel stac;1000;x;800;Pakiet Wygodny;138;129;stac Plan 120;;1;12;194.9;;;;;;
520;INTELLY;12;12;Internet i Telewizja+ tel stac;1000;x;800;Pakiet Wygodny;138;129;STAC Plan 100;;1;12;191.9;;;;;;
521;INTELLY;12;12;Internet i Telewizja+ tel stac;1000;x;800;Pakiet Wygodny;138;129;STAC Plan 60;;1;12;189;;;;;;
522;INTELLY;24;24;Internet i Telewizja+ tel stac;1000;x;800;Pakiet Wygodny;138;129;stac Plan 400;;1;24;188.9;;;;;;
523;INTELLY;12;12;Internet i Telewizja+ tel stac;1000;x;800;Pakiet Wygodny;138;129;STAC Plan START;;1;12;184.9;;;;;;
524;INTELLY;24;24;Internet i Telewizja+ tel stac;1000;x;800;Pakiet Wygodny;138;129;stac Plan 120;;1;24;184.9;;;;;;
525;INTELLY;24;24;Internet i Telewizja+ tel stac;1000;x;800;Pakiet Wygodny;138;129;STAC Plan 100;;1;24;181.9;;;;;;
526;INTELLY;12;12;Internet i Telewizja;1000;x;800;Pakiet Wygodny;138;129;;;1;12;179;;;;;;
527;INTELLY;24;24;Internet i Telewizja+ tel stac;1000;x;800;Pakiet Wygodny;138;129;STAC Plan 60;;1;24;179;;;;;;
528;INTELLY;24;24;Internet i Telewizja+ tel stac;1000;x;800;Pakiet Wygodny;138;129;STAC Plan START;;1;24;174.9;;;;;;
529;INTELLY;24;24;Internet i Telewizja;1000;x;800;Pakiet Wygodny;138;129;;;1;24;169;;;;;;
530;INTELLY;12;12;Internet i Telewizja+ tel stac;300;30;300;Pakiet Bogaty;192;184;stac Plan 3000;;1;12;203.9;;;;;;
531;INTELLY;12;12;Internet i Telewizja+ tel stac;300;30;300;Pakiet Bogaty;192;184;stac Plan 400;;1;12;193.9;;;;;;
532;INTELLY;24;24;Internet i Telewizja+ tel stac;300;30;300;Pakiet Bogaty;192;184;stac Plan 3000;;1;24;193.9;;;;;;
533;INTELLY;12;12;Internet i Telewizja+ tel stac;300;30;300;Pakiet Bogaty;192;184;stac Plan 120;;1;12;189.9;;;;;;
534;INTELLY;12;12;Internet i Telewizja+ tel stac;300;30;300;Pakiet Bogaty;192;184;STAC Plan 100;;1;12;186.9;;;;;;
535;INTELLY;12;12;Internet i Telewizja+ tel stac;300;30;300;Pakiet Bogaty;192;184;STAC Plan 60;;1;12;184;;;;;;
536;INTELLY;24;24;Internet i Telewizja+ tel stac;300;30;300;Pakiet Bogaty;192;184;stac Plan 400;;1;24;183.9;;;;;;
537;INTELLY;12;12;Internet i Telewizja+ tel stac;300;30;300;Pakiet Bogaty;192;184;STAC Plan START;;1;12;179.9;;;;;;
538;INTELLY;24;24;Internet i Telewizja+ tel stac;300;30;300;Pakiet Bogaty;192;184;stac Plan 120;;1;24;179.9;;;;;;
539;INTELLY;24;24;Internet i Telewizja+ tel stac;300;30;300;Pakiet Bogaty;192;184;STAC Plan 100;;1;24;176.9;;;;;;
540;INTELLY;12;12;Internet i Telewizja;300;30;300;Pakiet Bogaty;192;184;;;1;12;174;;;;;;
541;INTELLY;24;24;Internet i Telewizja+ tel stac;300;30;300;Pakiet Bogaty;192;184;STAC Plan 60;;1;24;174;;;;;;
542;INTELLY;24;24;Internet i Telewizja+ tel stac;300;30;300;Pakiet Bogaty;192;184;STAC Plan START;;1;24;169.9;;;;;;
543;INTELLY;24;24;Internet i Telewizja;300;30;300;Pakiet Bogaty;192;184;;;1;24;164;;;;;;
544;INTELLY;12;12;Internet i Telewizja+ tel stac;600;x;650;Pakiet Bogaty;192;184;stac Plan 3000;;1;12;213.9;;;;;;
545;INTELLY;12;12;Internet i Telewizja+ tel stac;600;x;650;Pakiet Bogaty;192;184;stac Plan 400;;1;12;203.9;;;;;;
546;INTELLY;24;24;Internet i Telewizja+ tel stac;600;x;650;Pakiet Bogaty;192;184;stac Plan 3000;;1;24;203.9;;;;;;
547;INTELLY;12;12;Internet i Telewizja+ tel stac;600;x;650;Pakiet Bogaty;192;184;stac Plan 120;;1;12;199.9;;;;;;
548;INTELLY;12;12;Internet i Telewizja+ tel stac;600;x;650;Pakiet Bogaty;192;184;STAC Plan 100;;1;12;196.9;;;;;;
549;INTELLY;12;12;Internet i Telewizja+ tel stac;600;x;650;Pakiet Bogaty;192;184;STAC Plan 60;;1;12;194;;;;;;
550;INTELLY;24;24;Internet i Telewizja+ tel stac;600;x;650;Pakiet Bogaty;192;184;stac Plan 400;;1;24;193.9;;;;;;
551;INTELLY;12;12;Internet i Telewizja+ tel stac;600;x;650;Pakiet Bogaty;192;184;STAC Plan START;;1;12;189.9;;;;;;
552;INTELLY;24;24;Internet i Telewizja+ tel stac;600;x;650;Pakiet Bogaty;192;184;stac Plan 120;;1;24;189.9;;;;;;
553;INTELLY;24;24;Internet i Telewizja+ tel stac;600;x;650;Pakiet Bogaty;192;184;STAC Plan 100;;1;24;186.9;;;;;;
554;INTELLY;12;12;Internet i Telewizja;600;x;650;Pakiet Bogaty;192;184;;;1;12;184;;;;;;
555;INTELLY;24;24;Internet i Telewizja+ tel stac;600;x;650;Pakiet Bogaty;192;184;STAC Plan 60;;1;24;184;;;;;;
556;INTELLY;24;24;Internet i Telewizja+ tel stac;600;x;650;Pakiet Bogaty;192;184;STAC Plan START;;1;24;179.9;;;;;;
557;INTELLY;24;24;Internet i Telewizja;600;x;650;Pakiet Bogaty;192;184;;;1;24;174;;;;;;
558;INTELLY;12;12;Internet i Telewizja+ tel stac;1000;x;800;Pakiet Bogaty;192;184;stac Plan 3000;;1;12;233.9;;;;;;
559;INTELLY;12;12;Internet i Telewizja+ tel stac;1000;x;800;Pakiet Bogaty;192;184;stac Plan 400;;1;12;223.9;;;;;;
560;INTELLY;24;24;Internet i Telewizja+ tel stac;1000;x;800;Pakiet Bogaty;192;184;stac Plan 3000;;1;24;223.9;;;;;;
561;INTELLY;12;12;Internet i Telewizja+ tel stac;1000;x;800;Pakiet Bogaty;192;184;stac Plan 120;;1;12;219.9;;;;;;
562;INTELLY;12;12;Internet i Telewizja+ tel stac;1000;x;800;Pakiet Bogaty;192;184;STAC Plan 100;;1;12;216.9;;;;;;
563;INTELLY;12;12;Internet i Telewizja+ tel stac;1000;x;800;Pakiet Bogaty;192;184;STAC Plan 60;;1;12;214;;;;;;
564;INTELLY;24;24;Internet i Telewizja+ tel stac;1000;x;800;Pakiet Bogaty;192;184;stac Plan 400;;1;24;213.9;;;;;;
565;INTELLY;12;12;Internet i Telewizja+ tel stac;1000;x;800;Pakiet Bogaty;192;184;STAC Plan START;;1;12;209.9;;;;;;
566;INTELLY;24;24;Internet i Telewizja+ tel stac;1000;x;800;Pakiet Bogaty;192;184;stac Plan 120;;1;24;209.9;;;;;;
567;INTELLY;24;24;Internet i Telewizja+ tel stac;1000;x;800;Pakiet Bogaty;192;184;STAC Plan 100;;1;24;206.9;;;;;;
568;INTELLY;12;12;Internet i Telewizja;1000;x;800;Pakiet Bogaty;192;184;;;1;12;204;;;;;;
569;INTELLY;24;24;Internet i Telewizja+ tel stac;1000;x;800;Pakiet Bogaty;192;184;STAC Plan 60;;1;24;204;;;;;;
570;INTELLY;24;24;Internet i Telewizja+ tel stac;1000;x;800;Pakiet Bogaty;192;184;STAC Plan START;;1;24;199.9;;;;;;
571;INTELLY;24;24;Internet i Telewizja;1000;x;800;Pakiet Bogaty;192;184;;;1;24;194;;;;;;
572;IVENDO;24;24;Dom;200;20;120;Pakiet Podstawowy;86;57;;;1;24;74.9;;;;;;
573;IVENDO;24;24;Blok i Mieszkanie;200;20;120;Pakiet Podstawowy;86;57;;;1;24;59;;;;;;
574;IVENDO;24;24;Dom;300;30;300;Pakiet Podstawowy;86;57;;;1;24;84.9;;;;;;
575;IVENDO;24;24;Blok i Mieszkanie;300;30;300;Pakiet Podstawowy;86;57;;;1;24;59;;;;;;
576;IVENDO;24;24;Dom;200;20;120;Pakiet Korzystny;143;129;;;1;24;94.9;;;;;;
577;IVENDO;24;24;Blok i Mieszkanie;200;20;120;Pakiet Korzystny;143;129;;;1;24;79;;;;;;
578;IVENDO;24;24;Dom;300;30;300;Pakiet Korzystny;143;129;;;1;24;104.9;;;;;;
579;IVENDO;24;24;Blok i Mieszkanie;300;30;300;Pakiet Korzystny;143;129;;;1;24;89;;;;;;
580;IVENDO;24;24;Dom;200;20;120;Pakiet Bogaty;184;184;;;1;24;104.9;;;;;;
581;IVENDO;24;24;Blok i Mieszkanie;200;20;120;Pakiet Bogaty;184;184;;;1;24;89;;;;;;
582;IVENDO;24;24;Dom;300;30;300;Pakiet Bogaty;184;184;;;1;24;114.9;;;;;;
583;IVENDO;24;24;Blok i Mieszkanie;300;30;300;Pakiet Bogaty;184;184;;;1;24;99;;;;;;
584;IWKD;24;24;Internet i Telewizja;300;150;300;Pakiet PODSTAWOWY;83;57;Telefon stacjonarny za 0 z³;;1;24;89.9;;;;;;
585;IWKD;24;24;Internet i Telewizja;300;150;300;Pakiet KORZYSTNY;137;129;Telefon stacjonarny za 0 z³;;1;24;109.9;;;;;;
586;IWKD;24;24;Internet i Telewizja;300;150;300;Pakiet BOGATY;171;184;Telefon stacjonarny za 0 z³;;1;24;119.9;;;;;;
587;JIM-SAT;999;999;Internet i Telewizja;10;10;120;Pakiet E;106;129;;cena z rabatem za e-fakturê;1;999;87;;;;;;
588;JIM-SAT;999;999;Dla Seniora;10;10;120;Pakiet E;106;129;;"dostêpny dla Klientów posiadaj¹cych 
legitymacjê emeryta / rencisty
. cena z rabatem za e-fakturê";1;999;75;;;;;;
589;JIM-SAT;999;999;Internet i Telewizja;50;50;120;Pakiet E;106;129;;cena z rabatem za e-fakturê;1;999;97;;;;;;
590;JIM-SAT;999;999;Internet i Telewizja;100;100;120;Pakiet E;106;129;;cena z rabatem za e-fakturê;1;999;107;;;;;;
591;JIM-SAT;999;999;Internet i Telewizja;300;300;300;Pakiet E;106;129;;cena z rabatem za e-fakturê;1;999;97;;;;;;
592;JIM-SAT;999;999;Internet i Telewizja;600;600;650;Pakiet E;106;129;;cena z rabatem za e-fakturê;1;999;117;;;;;;
593;JIM-SAT;999;999;Internet i Telewizja;900;900;800;Pakiet E;106;129;;cena z rabatem za e-fakturê;1;999;127;;;;;;
594;JMDI;24;24;Dom;800;200;800;Telewizja;70;57;;cena z rabatami;1;1;1;2;24;79.9;;;
595;JMDI;24;24;Blok;800;200;800;Telewizja;70;57;;cena z rabatami;1;24;59;;;;;;
596;JMDI;24;24;Dom;1000;300;800;Telewizja;70;57;;cena z rabatami;1;1;1;2;24;89.9;;;
597;JMDI;12;12;Dom;600;150;650;Telewizja;145;129;;cena z rabatami;1;12;94.9;;;;;;
598;JMDI;24;24;Dom;600;150;650;Telewizja;145;129;;cena z rabatami;1;3;1;4;24;84.9;;;
599;JMDI;24;24;Blok;600;150;650;Telewizja;145;129;;cena z rabatami;1;3;1;4;24;64.9;;;
600;JMDI;12;12;Blok;800;200;800;Telewizja;145;129;;cena z rabatami;1;2;1;3;12;84.9;;;
601;JMDI;12;12;Dom;800;200;800;Telewizja;171;184;Eurosport. CANAL+ Super Sport;cena z rabatami;1;12;139.9;;;;;;
602;JMDI;24;24;Dom;800;200;800;Telewizja;171;184;Eurosport. CANAL+ Super Sport. Eleven Sports;cena z rabatami;1;3;1;4;24;129.9;;;
603;JMDI;999;999;Blok;800;200;800;Telewizja;171;184;Eleven Sports;cena z rabatami;1;999;109.9;;;;;;
604;JMDI;24;24;Dom;800;200;800;Telewizja;171;184;CANAL+ Seriale i Filmy. Cinemax;cena z rabatami;1;3;1;4;24;119.9;;;
605;JMDI;24;24;Dom;800;200;800;Telewizja;171;184;Eleven Sports;cena z rabatami;1;5;1;6;24;109.9;;;
606;JMDI;24;24;Dom;800;200;800;Telewizja;171;184;;cena z rabatami;1;5;1;6;24;99.9;;;
607;JMDI;24;24;Blok;800;200;800;Telewizja;172;184;Eurosport. CANAL+ Super Sport;cena z rabatami;1;2;1;3;24;139.9;;;
608;JMDI;24;24;Blok;800;200;800;Telewizja;172;184;CANAL+ Seriale i Filmy. Cinemax;cena z rabatami;1;2;1;3;24;104.9;;;
609;JMDI;24;24;Blok;800;200;800;Telewizja;172;184;;cena z rabatami;1;4;1;5;24;79.9;;;
610;JMDI;24;24;Blok;1000;300;800;Telewizja;201;184;Polsat Sport Premium. CANAL+ Super Sport;cena z rabatami;1;5;1;6;24;159.9;;;
611;JMDI;24;24;Blok;1000;300;800;Telewizja;201;184;Eurosport. Polsat Sport Premium;cena z rabatami;1;3;1;4;24;129.9;;;
612;JPK;12;12;Dom;400;100;300;IPTV Luz HD;119;129;;;1;12;108.99;;;;;;
613;JPK;24;24;Dom;400;100;300;IPTV Luz HD;119;129;;;1;24;89.99;;;;;;
614;JPK;12;12;Blok;400;100;300;IPTV Luz HD;119;129;;;1;12;77;;;;;;
615;JPK;24;24;Blok;400;100;300;IPTV Luz HD;119;129;;;1;24;67;;;;;;
616;JPK;12;12;Dom;600;200;650;IPTV Luz HD;119;129;;;1;12;128.99;;;;;;
617;JPK;24;24;Dom;600;200;650;IPTV Luz HD;119;129;;;1;24;109.99;;;;;;
618;JPK;12;12;Blok;600;200;650;IPTV Luz HD;119;129;;;1;12;81;;;;;;
619;JPK;24;24;Blok;600;200;650;IPTV Luz HD;119;129;;;1;24;71;;;;;;
620;JPK;12;12;Dom;900;300;800;IPTV Luz HD;119;129;;;1;12;158.99;;;;;;
621;JPK;24;24;Dom;900;300;800;IPTV Luz HD;119;129;;;1;24;139.99;;;;;;
622;JPK;12;12;Blok;950;300;800;IPTV Luz HD;119;129;;;1;12;86;;;;;;
623;JPK;24;24;Blok;950;300;800;IPTV Luz HD;119;129;;;1;24;76;;;;;;
624;JPK;12;12;Dom;2000;2000;800;IPTV Luz HD;119;129;;;1;12;322;;;;;;
625;JPK;24;24;Dom;2000;2000;800;IPTV Luz HD;119;129;;;1;24;298;;;;;;
626;JPK;12;12;Blok;2000;2000;800;IPTV Luz HD;119;129;;;1;12;108;;;;;;
627;JPK;24;24;Blok;2000;2000;800;IPTV Luz HD;119;129;;;1;24;98;;;;;;
628;JPK;12;12;Dom;400;100;300;Telewizja;150;129;;;1;12;158.98;;;;;;
629;JPK;24;24;Dom;400;100;300;Telewizja;150;129;;;1;24;137.98;;;;;;
630;JPK;12;12;Dom;600;200;650;Telewizja;150;129;;;1;12;178.98;;;;;;
631;JPK;24;24;Dom;600;200;650;Telewizja;150;129;;;1;24;157.98;;;;;;
632;JPK;12;12;Dom;900;300;800;Telewizja;150;129;;;1;12;208.98;;;;;;
633;JPK;24;24;Dom;900;300;800;Telewizja;150;129;;;1;24;187.98;;;;;;
634;JPK;12;12;Dom;2000;2000;800;Telewizja;150;129;;;1;12;371.99;;;;;;
635;JPK;24;24;Dom;2000;2000;800;Telewizja;150;129;;;1;24;345.99;;;;;;
636;JPK;12;12;Blok;400;100;300;Telewizja;160;184;;;1;12;122;;;;;;
637;JPK;24;24;Blok;400;100;300;Telewizja;160;184;;;1;24;110;;;;;;
638;JPK;12;12;Blok;600;200;650;Telewizja;160;184;;;1;12;126;;;;;;
639;JPK;24;24;Blok;600;200;650;Telewizja;160;184;;;1;24;114;;;;;;
640;JPK;12;12;Blok;950;300;800;Telewizja;160;184;;;1;12;131;;;;;;
641;JPK;24;24;Blok;950;300;800;Telewizja;160;184;;;1;24;119;;;;;;
642;JPK;12;12;Blok;2000;2000;800;Telewizja;160;184;;;1;12;153;;;;;;
643;JPK;24;24;Blok;2000;2000;800;Telewizja;160;184;;;1;24;141;;;;;;
644;JPK;12;12;Dom;400;100;300;IPTV Komfort+ HD;172;184;;;1;12;127.99;;;;;;
645;JPK;24;24;Dom;400;100;300;IPTV Komfort+ HD;172;184;;;1;24;106.99;;;;;;
646;JPK;12;12;Blok;400;100;300;IPTV Komfort+ HD;172;184;;;1;12;96;;;;;;
647;JPK;24;24;Blok;400;100;300;IPTV Komfort+ HD;172;184;;;1;24;84;;;;;;
648;JPK;12;12;Dom;600;200;650;IPTV Komfort+ HD;172;184;;;1;12;147.99;;;;;;
649;JPK;24;24;Dom;600;200;650;IPTV Komfort+ HD;172;184;;;1;24;126.99;;;;;;
650;JPK;12;12;Blok;600;200;650;IPTV Komfort+ HD;172;184;;;1;12;100;;;;;;
651;JPK;24;24;Blok;600;200;650;IPTV Komfort+ HD;172;184;;;1;24;88;;;;;;
652;JPK;12;12;Dom;900;300;800;IPTV Komfort+ HD;172;184;;;1;12;177.99;;;;;;
653;JPK;24;24;Dom;900;300;800;IPTV Komfort+ HD;172;184;;;1;24;156.99;;;;;;
654;JPK;12;12;Blok;950;300;800;IPTV Komfort+ HD;172;184;;;1;12;105;;;;;;
655;JPK;24;24;Blok;950;300;800;IPTV Komfort+ HD;172;184;;;1;24;93;;;;;;
656;JPK;12;12;Dom;2000;2000;800;IPTV Komfort+ HD;172;184;;;1;12;341;;;;;;
657;JPK;24;24;Dom;2000;2000;800;IPTV Komfort+ HD;172;184;;;1;24;315;;;;;;
658;JPK;12;12;Blok;2000;2000;800;IPTV Komfort+ HD;172;184;;;1;12;127;;;;;;
659;JPK;24;24;Blok;2000;2000;800;IPTV Komfort+ HD;172;184;;;1;24;115;;;;;;
660;JPK;12;12;Dom;400;100;300;IPTV Presti¿ HD;204;184;;;1;12;167.99;;;;;;
661;JPK;24;24;Dom;400;100;300;IPTV Presti¿ HD;204;184;;;1;24;146.99;;;;;;
662;JPK;12;12;Blok;400;100;300;IPTV Presti¿ HD;204;184;;;1;12;136;;;;;;
663;JPK;24;24;Blok;400;100;300;IPTV Presti¿ HD;204;184;;;1;24;124;;;;;;
664;JPK;12;12;Dom;600;200;650;IPTV Presti¿ HD;204;184;;;1;12;187.99;;;;;;
665;JPK;24;24;Dom;600;200;650;IPTV Presti¿ HD;204;184;;;1;24;166.99;;;;;;
666;JPK;12;12;Blok;600;200;650;IPTV Presti¿ HD;204;184;;;1;12;140;;;;;;
667;JPK;24;24;Blok;600;200;650;IPTV Presti¿ HD;204;184;;;1;24;128;;;;;;
668;JPK;12;12;Dom;900;300;800;IPTV Presti¿ HD;204;184;;;1;12;217.99;;;;;;
669;JPK;24;24;Dom;900;300;800;IPTV Presti¿ HD;204;184;;;1;24;196.99;;;;;;
670;JPK;12;12;Blok;950;300;800;IPTV Presti¿ HD;204;184;;;1;12;145;;;;;;
671;JPK;24;24;Blok;950;300;800;IPTV Presti¿ HD;204;184;;;1;24;133;;;;;;
672;JPK;12;12;Dom;2000;2000;800;IPTV Presti¿ HD;204;184;;;1;12;381;;;;;;
673;JPK;24;24;Dom;2000;2000;800;IPTV Presti¿ HD;204;184;;;1;24;355;;;;;;
674;JPK;12;12;Blok;2000;2000;800;IPTV Presti¿ HD;204;184;;;1;12;167;;;;;;
675;JPK;24;24;Blok;2000;2000;800;IPTV Presti¿ HD;204;184;;;1;24;155;;;;;;
676;JPK;12;12;Dom;400;100;300;IPTV Max HD;240;236;;;1;12;154.99;;;;;;
677;JPK;24;24;Dom;400;100;300;IPTV Max HD;240;236;;;1;24;134.99;;;;;;
678;JPK;12;12;Blok;400;100;300;IPTV Max HD;240;236;;;1;12;123;;;;;;
679;JPK;24;24;Blok;400;100;300;IPTV Max HD;240;236;;;1;24;112;;;;;;
680;JPK;12;12;Dom;600;200;650;IPTV Max HD;240;236;;;1;12;174.99;;;;;;
681;JPK;24;24;Dom;600;200;650;IPTV Max HD;240;236;;;1;24;154.99;;;;;;
682;JPK;12;12;Blok;600;200;650;IPTV Max HD;240;236;;;1;12;127;;;;;;
683;JPK;24;24;Blok;600;200;650;IPTV Max HD;240;236;;;1;24;116;;;;;;
684;JPK;12;12;Dom;900;300;800;IPTV Max HD;240;236;;;1;12;204.99;;;;;;
685;JPK;24;24;Dom;900;300;800;IPTV Max HD;240;236;;;1;24;184.99;;;;;;
686;JPK;12;12;Blok;950;300;800;IPTV Max HD;240;236;;;1;12;132;;;;;;
687;JPK;24;24;Blok;950;300;800;IPTV Max HD;240;236;;;1;24;121;;;;;;
688;JPK;12;12;Dom;2000;2000;800;IPTV Max HD;240;236;;;1;12;368;;;;;;
689;JPK;24;24;Dom;2000;2000;800;IPTV Max HD;240;236;;;1;24;343;;;;;;
690;JPK;12;12;Blok;2000;2000;800;IPTV Max HD;240;236;;;1;12;154;;;;;;
691;JPK;24;24;Blok;2000;2000;800;IPTV Max HD;240;236;;;1;24;143;;;;;;
692;LIMES;23;24;Internet i Telewizja;240;240;300;Oszczêdny HD;140;129;;;1;23;65;;;;;;
693;LIMES;23;24;Internet i Telewizja;400;400;300;Oszczêdny HD;140;129;;;1;23;75;;;;;;
694;LIMES;23;24;Internet i Telewizja;240;240;300;Wielotematyczny HD;178;184;;;1;23;85;;;;;;
695;LIMES;23;24;Internet i Telewizja;400;400;300;Wielotematyczny HD;178;184;;;1;23;95;;;;;;
696;MATCOM;24;24;Internet œwiat³owodowy 150 + SMART;150;30;120;SMART;95;129;;;1;24;101.9;;;;;;
697;MATCOM;24;24;Internet œwiat³owodowy 300 + SMART;300;60;300;SMART;95;129;;;1;24;121.9;;;;;;
698;MATCOM;24;24;Internet œwiat³owodowy 600 + SMART;600;60;650;SMART;95;129;;;1;24;141.9;;;;;;
699;MATCOM;24;24;Internet œwiat³owodowy 150 + OPTIMUM;150;30;120;OPTIMUM;122;129;;;1;24;117.9;;;;;;
700;MATCOM;24;24;Internet œwiat³owodowy 300 + OPTIMUM;300;60;300;OPTIMUM;122;129;;;1;24;186.9;;;;;;
701;MATCOM;24;24;Internet œwiat³owodowy 600 + OPTIMUM;600;60;650;OPTIMUM;122;129;;;1;24;206.9;;;;;;
702;MATCOM;24;24;Internet œwiat³owodowy 150 + PLATINUM;150;30;120;PLATINUM;148;129;;;1;24;150.9;;;;;;
703;MATCOM;24;24;Internet œwiat³owodowy 300 + PLATINUM;300;60;300;PLATINUM;148;129;;;1;24;219.9;;;;;;
704;MATCOM;24;24;Internet œwiat³owodowy 600 + PLATINUM;600;60;650;PLATINUM;148;129;;;1;24;239.9;;;;;;
705;MBIT;24;24;Blok;150;150;120;Pakiet Mini HD;136;129;;;1;24;65;;;;;;
706;MBIT;24;24;Blok;300;300;300;Pakiet Wielotematyczny HD;186;184;;;1;24;75;;;;;;
707;MBIT;24;24;Blok;500;500;650;Pakiet Wielotematyczny HD;186;184;;;1;24;85;;;;;;
708;MBIT;24;24;Blok;500;500;650;Pakiet Wielotematyczny Super HD;200;184;;;1;24;95;;;;;;
709;MC1_KWIDZYN;24;24;NET + TV;300;30;300;SUPER Box;132;129;;cena z rabatem za e-fakturê;1;7;74.99;8;24;89.99;;;
710;MC1_KWIDZYN;24;24;NET + TV;600;60;650;SUPER Box;132;129;;cena z rabatem za e-fakturê;1;7;84.99;8;24;99.99;;;
711;MC1_KWIDZYN;24;24;NET + TV;900;90;800;SUPER Box;132;129;;cena z rabatem za e-fakturê;1;7;94.99;8;24;109.99;;;
712;MC1_KWIDZYN;24;24;NET + TV;300;30;300;MAX Box;152;129;;cena z rabatem za e-fakturê;1;7;78.99;8;24;93.99;;;
713;MC1_KWIDZYN;24;24;NET + TV;600;60;650;MAX Box;152;129;;cena z rabatem za e-fakturê;1;7;88.99;8;24;103.33;;;
714;MC1_KWIDZYN;24;24;NET + TV;900;90;800;MAX Box;152;129;;cena z rabatem za e-fakturê;1;7;98.99;8;24;113.99;;;
715;MC1_LOWICZ;24;24;NET + TV;300;30;300;SUPER Box;132;129;;cena z rabatem za e-fakturê;1;7;74.99;8;24;89.99;;;
716;MC1_LOWICZ;24;24;NET + TV;600;60;650;SUPER Box;132;129;;cena z rabatem za e-fakturê;1;7;84.99;8;24;99.99;;;
717;MC1_LOWICZ;24;24;NET + TV;900;90;800;SUPER Box;132;129;;cena z rabatem za e-fakturê;1;7;94.99;8;24;109.99;;;
718;MC1_LOWICZ;24;24;NET + TV;300;30;300;MAX Box;152;129;;cena z rabatem za e-fakturê;1;7;78.99;8;24;93.99;;;
719;MC1_LOWICZ;24;24;NET + TV;600;60;650;MAX Box;152;129;;cena z rabatem za e-fakturê;1;7;88.99;8;24;103.33;;;
720;MC1_LOWICZ;24;24;NET + TV;900;90;800;MAX Box;152;129;;cena z rabatem za e-fakturê;1;7;98.99;8;24;113.99;;;
721;MC1_OLSZTYN;24;24;NET + TV;300;30;300;SUPER Box;132;129;;cena z rabatem za e-fakturê;1;7;74.99;8;24;89.99;;;
722;MC1_OLSZTYN;24;24;NET + TV;600;60;650;SUPER Box;132;129;;cena z rabatem za e-fakturê;1;7;84.99;8;24;99.99;;;
723;MC1_OLSZTYN;24;24;NET + TV;900;90;800;SUPER Box;132;129;;cena z rabatem za e-fakturê;1;7;94.99;8;24;109.99;;;
724;MC1_OLSZTYN;24;24;NET + TV;300;30;300;MAX Box;152;129;;cena z rabatem za e-fakturê;1;7;78.99;8;24;93.99;;;
725;MC1_OLSZTYN;24;24;NET + TV;600;60;650;MAX Box;152;129;;cena z rabatem za e-fakturê;1;7;88.99;8;24;103.33;;;
726;MC1_OLSZTYN;24;24;NET + TV;900;90;800;MAX Box;152;129;;cena z rabatem za e-fakturê;1;7;98.99;8;24;113.99;;;
727;MC1_OSTRODA;24;24;NET + TV;300;30;300;SUPER Box;132;129;;cena z rabatem za e-fakturê;1;7;74.99;8;24;89.99;;;
728;MC1_OSTRODA;24;24;NET + TV;600;60;650;SUPER Box;132;129;;cena z rabatem za e-fakturê;1;7;84.99;8;24;99.99;;;
729;MC1_OSTRODA;24;24;NET + TV;900;90;800;SUPER Box;132;129;;cena z rabatem za e-fakturê;1;7;94.99;8;24;109.99;;;
730;MC1_OSTRODA;24;24;NET + TV;300;30;300;MAX Box;152;129;;cena z rabatem za e-fakturê;1;7;78.99;8;24;93.99;;;
731;MC1_OSTRODA;24;24;NET + TV;600;60;650;MAX Box;152;129;;cena z rabatem za e-fakturê;1;7;88.99;8;24;103.33;;;
732;MC1_OSTRODA;24;24;NET + TV;900;90;800;MAX Box;152;129;;cena z rabatem za e-fakturê;1;7;98.99;8;24;113.99;;;
733;MC1_STARGARD;24;24;NET + TV;300;30;300;SUPER Box;132;129;;cena z rabatem za e-fakturê;1;7;74.99;8;24;89.99;;;
734;MC1_STARGARD;24;24;NET + TV;600;60;650;SUPER Box;132;129;;cena z rabatem za e-fakturê;1;7;84.99;8;24;99.99;;;
735;MC1_STARGARD;24;24;NET + TV;900;90;800;SUPER Box;132;129;;cena z rabatem za e-fakturê;1;7;94.99;8;24;109.99;;;
736;MC1_STARGARD;24;24;NET + TV;300;30;300;MAX Box;152;129;;cena z rabatem za e-fakturê;1;7;78.99;8;24;93.99;;;
737;MC1_STARGARD;24;24;NET + TV;600;60;650;MAX Box;152;129;;cena z rabatem za e-fakturê;1;7;88.99;8;24;103.33;;;
738;MC1_STARGARD;24;24;NET + TV;900;90;800;MAX Box;152;129;;cena z rabatem za e-fakturê;1;7;98.99;8;24;113.99;;;
739;MC2;24;24;Blue Box + Net;300;25;300;Blue Box;54;57;SMART TV - 57 kana³ów;cena z rabatem za e-fakturê;1;3;0;4;24;83.69;;;
740;MC2;24;24;Blue Box + Net;650;50;650;Blue Box;54;57;SMART TV - 57 kana³ów;cena z rabatem za e-fakturê;1;3;0;4;24;93.69;;;
741;MC2;24;24;Blue Box + Net;900;60;800;Blue Box;54;57;SMART TV - 57 kana³ów;cena z rabatem za e-fakturê;1;3;0;4;24;103.69;;;
742;MC2;12;12;Mega Paczka;150;10;120;START Box;65;57;SMART S - 33 kana³y;cena z rabatem za e-fakturê;1;1;150.56;2;12;155.55;;;
743;MC2;12;12;Trzymaj z nami;150;10;120;START Box;65;57;SMART S - 33 kana³y;cena z rabatem za e-fakturê;1;1;150.27;2;12;155.26;;;
744;MC2;24;24;Mega Paczka;150;10;120;START Box;65;57;SMART S - 33 kana³y;cena z rabatem za e-fakturê;1;1;135.56;2;24;140.55;;;
745;MC2;24;24;Trzymaj z nami;150;10;120;START Box;65;57;SMART S - 33 kana³y;cena z rabatem za e-fakturê;1;1;130.27;2;24;135.26;;;
746;MC2;24;24;Dla Dwojga (z CANAL+ Super Sport i HBO);300;25;300;START Box;65;57;SMART S - 33 kana³y. CANAL+ Super Sport. HBO;cena z rabatem za e-fakturê;1;1;217.54;2;24;222.53;;;
747;MC2;24;24;Dla Dwojga (z CANAL+ Super Sport);300;25;300;START Box;65;57;SMART S - 33 kana³y. CANAL+ Super Sport;cena z rabatem za e-fakturê;1;1;185.56;2;24;190.55;;;
748;MC2;24;24;Dla Dwojga (z CANAL+ Seriale i Filmy i HBO);300;25;300;START Box;65;57;SMART S - 33 kana³y. CANAL+ Seriale i Filmy. HBO;cena z rabatem za e-fakturê;1;1;177.54;2;24;182.53;;;
749;MC2;12;12;Mega Paczka;300;25;300;START Box;65;57;SMART S - 33 kana³y;cena z rabatem za e-fakturê;1;1;156.56;2;12;161.55;;;
750;MC2;12;12;Trzymaj z nami;300;25;300;START Box;65;57;SMART S - 33 kana³y;cena z rabatem za e-fakturê;1;1;156.56;2;12;161.55;;;
751;MC2;24;24;Dla Dwojga (z HBO);300;25;300;START Box;65;57;SMART S - 33 kana³y. HBO;cena z rabatem za e-fakturê;1;1;152.54;2;24;157.53;;;
752;MC2;24;24;Dla Dwojga (z CANAL+ Seriale i Filmy);300;25;300;START Box;65;57;SMART S - 33 kana³y. CANAL+ Seriale i Filmy;cena z rabatem za e-fakturê;1;1;145.56;2;24;150.55;;;
753;MC2;24;24;Mega Paczka;300;25;300;START Box;65;57;SMART S - 33 kana³y;cena z rabatem za e-fakturê;1;1;141.56;2;24;146.55;;;
754;MC2;24;24;Trzymaj z nami;300;25;300;START Box;65;57;SMART S - 33 kana³y;cena z rabatem za e-fakturê;1;1;136.56;2;24;141.55;;;
755;MC2;24;24;Oferta jesienna (z CANAL+ Super Sport);300;25;300;START Box;65;57;SMART S - 33 kana³y. CANAL+ Super Sport;cena z rabatem za e-fakturê;1;24;124.99;;;;;;
756;MC2;24;24;Oferta jesienna (z CANAL+ Seriale i Filmy);300;25;300;START Box;65;57;SMART S - 33 kana³y. CANAL+ Seriale i Filmy;cena z rabatem za e-fakturê;1;24;84.99;;;;;;
757;MC2;24;24;Oferta jesienna;300;25;300;START Box;65;57;SMART S - 33 kana³y;cena z rabatem za e-fakturê;1;24;74.99;;;;;;
758;MC2;12;12;STOP EXTRA NET I TV;300;25;300;START Box;65;57;;cena z rabatem za e-fakturê;1;12;61.33;;;;;;
759;MC2;24;24;Dla Dwojga (z CANAL+ Super Sport i HBO);650;50;650;START Box;65;57;SMART S - 33 kana³y. CANAL+ Super Sport. HBO;cena z rabatem za e-fakturê;1;1;228.54;2;24;233.53;;;
760;MC2;24;24;Dla Dwojga (z CANAL+ Super Sport);650;50;650;START Box;65;57;SMART S - 33 kana³y. CANAL+ Super Sport;cena z rabatem za e-fakturê;1;1;196.56;2;24;201.55;;;
761;MC2;24;24;Dla Dwojga (z CANAL+ Seriale i Filmy i HBO);650;50;650;START Box;65;57;SMART S - 33 kana³y. CANAL+ Seriale i Filmy. HBO;cena z rabatem za e-fakturê;1;1;188.54;2;24;193.53;;;
762;MC2;12;12;Mega Paczka;650;50;650;START Box;65;57;SMART S - 33 kana³y;cena z rabatem za e-fakturê;1;1;166.56;2;12;171.55;;;
763;MC2;12;12;Trzymaj z nami;650;50;650;START Box;65;57;SMART S - 33 kana³y;cena z rabatem za e-fakturê;1;1;166.56;2;12;171.55;;;
764;MC2;24;24;Dla Dwojga (z HBO);650;50;650;START Box;65;57;SMART S - 33 kana³y. HBO;cena z rabatem za e-fakturê;1;1;163.54;2;24;168.53;;;
765;MC2;24;24;Dla Dwojga (z CANAL+ Seriale i Filmy);650;50;650;START Box;65;57;SMART S - 33 kana³y. CANAL+ Seriale i Filmy;cena z rabatem za e-fakturê;1;1;156.56;2;24;161.55;;;
766;MC2;24;24;Mega Paczka;650;50;650;START Box;65;57;SMART S - 33 kana³y;cena z rabatem za e-fakturê;1;1;151.56;2;24;156.55;;;
767;MC2;24;24;Trzymaj z nami;650;50;650;START Box;65;57;SMART S - 33 kana³y;cena z rabatem za e-fakturê;1;1;146.56;2;24;151.55;;;
768;MC2;24;24;Oferta jesienna (z CANAL+ Super Sport);650;50;650;START Box;65;57;SMART S - 33 kana³y. CANAL+ Super Sport;cena z rabatem za e-fakturê;1;24;139.99;;;;;;
769;MC2;24;24;Oferta jesienna (z CANAL+ Seriale i Filmy);650;50;650;START Box;65;57;SMART S - 33 kana³y. CANAL+ Seriale i Filmy;cena z rabatem za e-fakturê;1;24;99.99;;;;;;
770;MC2;24;24;Oferta jesienna;650;50;650;START Box;65;57;SMART S - 33 kana³y;cena z rabatem za e-fakturê;1;24;89.99;;;;;;
771;MC2;24;24;Dla Dwojga (z CANAL+ Super Sport i HBO);900;60;800;START Box;65;57;SMART S - 33 kana³y. CANAL+ Super Sport. HBO;cena z rabatem za e-fakturê;1;1;238.54;2;24;243.53;;;
772;MC2;24;24;Dla Dwojga (z CANAL+ Super Sport);900;60;800;START Box;65;57;SMART S - 33 kana³y. CANAL+ Super Sport;cena z rabatem za e-fakturê;1;1;206.56;2;24;211.55;;;
773;MC2;24;24;Dla Dwojga (z CANAL+ Seriale i Filmy i HBO);900;60;800;START Box;65;57;SMART S - 33 kana³y. CANAL+ Seriale i Filmy. HBO;cena z rabatem za e-fakturê;1;1;198.54;2;24;203.53;;;
774;MC2;12;12;Mega Paczka;900;60;800;START Box;65;57;SMART S - 33 kana³y;cena z rabatem za e-fakturê;1;1;176.56;2;12;181.55;;;
775;MC2;12;12;Trzymaj z nami;900;60;800;START Box;65;57;SMART S - 33 kana³y;cena z rabatem za e-fakturê;1;1;176.56;2;12;181.55;;;
776;MC2;24;24;Dla Dwojga (z HBO);900;60;800;START Box;65;57;SMART S - 33 kana³y. HBO;cena z rabatem za e-fakturê;1;1;173.54;2;24;178.53;;;
777;MC2;24;24;Dla Dwojga (z CANAL+ Seriale i Filmy);900;60;800;START Box;65;57;SMART S - 33 kana³y. CANAL+ Seriale i Filmy;cena z rabatem za e-fakturê;1;1;166.56;2;24;171.55;;;
778;MC2;24;24;Mega Paczka;900;60;800;START Box;65;57;SMART S - 33 kana³y;cena z rabatem za e-fakturê;1;1;161.56;2;24;166.55;;;
779;MC2;24;24;Trzymaj z nami;900;60;800;START Box;65;57;SMART S - 33 kana³y;cena z rabatem za e-fakturê;1;1;156.56;2;24;161.55;;;
780;MC2;24;24;Oferta jesienna (z CANAL+ Super Sport);900;60;800;START Box;65;57;SMART S - 33 kana³y. CANAL+ Super Sport;cena z rabatem za e-fakturê;1;24;154.99;;;;;;
781;MC2;24;24;Oferta jesienna (z CANAL+ Seriale i Filmy);900;60;800;START Box;65;57;SMART S - 33 kana³y. CANAL+ Seriale i Filmy;cena z rabatem za e-fakturê;1;24;114.99;;;;;;
782;MC2;24;24;Oferta jesienna;900;60;800;START Box;65;57;SMART S - 33 kana³y;cena z rabatem za e-fakturê;1;24;104.99;;;;;;
783;MC2;12;12;Mega Paczka;150;10;120;MINI Box;96;129;SMART M - 84 kana³y;cena z rabatem za e-fakturê;1;1;155.56;2;12;160.55;;;
784;MC2;12;12;Trzymaj z nami;150;10;120;MINI Box;96;129;SMART M - 84 kana³y;cena z rabatem za e-fakturê;1;1;155.27;2;12;160.26;;;
785;MC2;24;24;Mega Paczka;150;10;120;MINI Box;96;129;SMART M - 84 kana³y;cena z rabatem za e-fakturê;1;1;140.56;2;24;145.55;;;
786;MC2;24;24;Trzymaj z nami;150;10;120;MINI Box;96;129;SMART M - 84 kana³y;cena z rabatem za e-fakturê;1;1;135.27;2;24;140.26;;;
787;MC2;24;24;Dla Dwojga (z CANAL+ Super Sport i HBO);300;25;300;MINI Box;96;129;SMART M - 84 kana³y. CANAL+ Super Sport. HBO;cena z rabatem za e-fakturê;1;1;222.54;2;24;227.53;;;
788;MC2;24;24;Dla Dwojga (z CANAL+ Super Sport);300;25;300;MINI Box;96;129;SMART M - 84 kana³y. CANAL+ Super Sport;cena z rabatem za e-fakturê;1;1;190.56;2;24;195.55;;;
789;MC2;24;24;Dla Dwojga (z CANAL+ Seriale i Filmy i HBO);300;25;300;MINI Box;96;129;SMART M - 84 kana³y. CANAL+ Seriale i Filmy. HBO;cena z rabatem za e-fakturê;1;1;182.54;2;24;187.53;;;
790;MC2;12;12;Mega Paczka;300;25;300;MINI Box;96;129;SMART M - 84 kana³y;cena z rabatem za e-fakturê;1;1;161.56;2;12;166.55;;;
791;MC2;12;12;Trzymaj z nami;300;25;300;MINI Box;96;129;SMART M - 84 kana³y;cena z rabatem za e-fakturê;1;1;161.56;2;12;166.55;;;
792;MC2;24;24;Dla Dwojga (z HBO);300;25;300;MINI Box;96;129;SMART M - 84 kana³y. HBO;cena z rabatem za e-fakturê;1;1;157.54;2;24;162.53;;;
793;MC2;24;24;Dla Dwojga (z CANAL+ Seriale i Filmy);300;25;300;MINI Box;96;129;SMART M - 84 kana³y. CANAL+ Seriale i Filmy;cena z rabatem za e-fakturê;1;1;150.56;2;24;155.55;;;
794;MC2;24;24;Mega Paczka;300;25;300;MINI Box;96;129;SMART M - 84 kana³y;cena z rabatem za e-fakturê;1;1;146.56;2;24;151.55;;;
795;MC2;24;24;Trzymaj z nami;300;25;300;MINI Box;96;129;SMART M - 84 kana³y;cena z rabatem za e-fakturê;1;1;141.56;2;24;146.55;;;
796;MC2;12;12;STOP EXTRA NET I TV;300;25;300;MINI Box;96;129;;cena z rabatem za e-fakturê;1;12;86.19;;;;;;
797;MC2;24;24;Dla Dwojga (z CANAL+ Super Sport i HBO);650;50;650;MINI Box;96;129;SMART M - 84 kana³y. CANAL+ Super Sport. HBO;cena z rabatem za e-fakturê;1;1;233.54;2;24;238.53;;;
798;MC2;24;24;Dla Dwojga (z CANAL+ Super Sport);650;50;650;MINI Box;96;129;SMART M - 84 kana³y. CANAL+ Super Sport;cena z rabatem za e-fakturê;1;1;201.56;2;24;206.55;;;
799;MC2;24;24;Dla Dwojga (z CANAL+ Seriale i Filmy i HBO);650;50;650;MINI Box;96;129;SMART M - 84 kana³y. CANAL+ Seriale i Filmy. HBO;cena z rabatem za e-fakturê;1;1;193.54;2;24;198.53;;;
800;MC2;12;12;Mega Paczka;650;50;650;MINI Box;96;129;SMART M - 84 kana³y;cena z rabatem za e-fakturê;1;1;171.56;2;12;176.55;;;
801;MC2;12;12;Trzymaj z nami;650;50;650;MINI Box;96;129;SMART M - 84 kana³y;cena z rabatem za e-fakturê;1;1;171.56;2;12;176.55;;;
802;MC2;24;24;Dla Dwojga (z HBO);650;50;650;MINI Box;96;129;SMART M - 84 kana³y. HBO;cena z rabatem za e-fakturê;1;1;168.54;2;24;173.53;;;
803;MC2;24;24;Dla Dwojga (z CANAL+ Seriale i Filmy);650;50;650;MINI Box;96;129;SMART M - 84 kana³y. CANAL+ Seriale i Filmy;cena z rabatem za e-fakturê;1;1;161.56;2;24;166.55;;;
804;MC2;24;24;Mega Paczka;650;50;650;MINI Box;96;129;SMART M - 84 kana³y;cena z rabatem za e-fakturê;1;1;156.56;2;24;161.55;;;
805;MC2;24;24;Trzymaj z nami;650;50;650;MINI Box;96;129;SMART M - 84 kana³y;cena z rabatem za e-fakturê;1;1;151.56;2;24;156.55;;;
806;MC2;24;24;Dla Dwojga (z CANAL+ Super Sport i HBO);900;60;800;MINI Box;96;129;SMART M - 84 kana³y. CANAL+ Super Sport. HBO;cena z rabatem za e-fakturê;1;1;243.54;2;24;248.53;;;
807;MC2;24;24;Dla Dwojga (z CANAL+ Super Sport);900;60;800;MINI Box;96;129;SMART M - 84 kana³y. CANAL+ Super Sport;cena z rabatem za e-fakturê;1;1;211.56;2;24;216.55;;;
808;MC2;24;24;Dla Dwojga (z CANAL+ Seriale i Filmy i HBO);900;60;800;MINI Box;96;129;SMART M - 84 kana³y. CANAL+ Seriale i Filmy. HBO;cena z rabatem za e-fakturê;1;1;203.54;2;24;208.53;;;
809;MC2;12;12;Mega Paczka;900;60;800;MINI Box;96;129;SMART M - 84 kana³y;cena z rabatem za e-fakturê;1;1;181.56;2;12;186.55;;;
810;MC2;12;12;Trzymaj z nami;900;60;800;MINI Box;96;129;SMART M - 84 kana³y;cena z rabatem za e-fakturê;1;1;181.56;2;12;186.55;;;
811;MC2;24;24;Dla Dwojga (z HBO);900;60;800;MINI Box;96;129;SMART M - 84 kana³y. HBO;cena z rabatem za e-fakturê;1;1;178.54;2;24;183.53;;;
812;MC2;24;24;Dla Dwojga (z CANAL+ Seriale i Filmy);900;60;800;MINI Box;96;129;SMART M - 84 kana³y. CANAL+ Seriale i Filmy;cena z rabatem za e-fakturê;1;1;171.56;2;24;176.55;;;
813;MC2;24;24;Mega Paczka;900;60;800;MINI Box;96;129;SMART M - 84 kana³y;cena z rabatem za e-fakturê;1;1;166.56;2;24;171.55;;;
814;MC2;24;24;Trzymaj z nami;900;60;800;MINI Box;96;129;SMART M - 84 kana³y;cena z rabatem za e-fakturê;1;1;161.56;2;24;166.55;;;
815;MC2;12;12;Mega Paczka;150;10;120;SUPER Box;134;129;SMART M - 84 kana³y;cena z rabatem za e-fakturê;1;1;160.56;2;12;165.55;;;
816;MC2;12;12;Trzymaj z nami;150;10;120;SUPER Box;134;129;SMART M - 84 kana³y;cena z rabatem za e-fakturê;1;1;160.27;2;12;165.26;;;
817;MC2;24;24;Mega Paczka;150;10;120;SUPER Box;134;129;SMART M - 84 kana³y;cena z rabatem za e-fakturê;1;1;145.56;2;24;150.55;;;
818;MC2;24;24;Trzymaj z nami;150;10;120;SUPER Box;134;129;SMART M - 84 kana³y;cena z rabatem za e-fakturê;1;1;140.27;2;24;145.26;;;
819;MC2;24;24;Dla Dwojga (z CANAL+ Super Sport i HBO);300;25;300;SUPER Box;134;129;SMART M - 84 kana³y. CANAL+ Super Sport. HBO;cena z rabatem za e-fakturê;1;1;227.54;2;24;232.53;;;
820;MC2;24;24;Dla Dwojga (z CANAL+ Super Sport);300;25;300;SUPER Box;134;129;SMART M - 84 kana³y. CANAL+ Super Sport;cena z rabatem za e-fakturê;1;1;195.56;2;24;200.55;;;
821;MC2;24;24;Dla Dwojga (z CANAL+ Seriale i Filmy i HBO);300;25;300;SUPER Box;134;129;SMART M - 84 kana³y. CANAL+ Seriale i Filmy. HBO;cena z rabatem za e-fakturê;1;1;187.54;2;24;192.53;;;
822;MC2;12;12;Mega Paczka;300;25;300;SUPER Box;134;129;SMART M - 84 kana³y;cena z rabatem za e-fakturê;1;1;166.56;2;12;171.55;;;
823;MC2;12;12;Trzymaj z nami;300;25;300;SUPER Box;134;129;SMART M - 84 kana³y;cena z rabatem za e-fakturê;1;1;166.56;2;12;171.55;;;
824;MC2;24;24;Dla Dwojga (z HBO);300;25;300;SUPER Box;134;129;SMART M - 84 kana³y. HBO;cena z rabatem za e-fakturê;1;1;162.54;2;24;167.53;;;
825;MC2;24;24;Dla Dwojga (z CANAL+ Seriale i Filmy);300;25;300;SUPER Box;134;129;SMART M - 84 kana³y. CANAL+ Seriale i Filmy;cena z rabatem za e-fakturê;1;1;155.56;2;24;160.55;;;
826;MC2;24;24;Mega Paczka;300;25;300;SUPER Box;134;129;SMART M - 84 kana³y;cena z rabatem za e-fakturê;1;1;151.56;2;24;156.55;;;
827;MC2;24;24;Trzymaj z nami;300;25;300;SUPER Box;134;129;SMART M - 84 kana³y;cena z rabatem za e-fakturê;1;1;146.56;2;24;151.55;;;
828;MC2;24;24;Dla Dwojga (z CANAL+ Super Sport i HBO);650;50;650;SUPER Box;134;129;SMART M - 84 kana³y. CANAL+ Super Sport. HBO;cena z rabatem za e-fakturê;1;1;238.54;2;24;243.53;;;
829;MC2;24;24;Dla Dwojga (z CANAL+ Super Sport);650;50;650;SUPER Box;134;129;SMART M - 84 kana³y. CANAL+ Super Sport;cena z rabatem za e-fakturê;1;1;206.56;2;24;211.55;;;
830;MC2;24;24;Dla Dwojga (z CANAL+ Seriale i Filmy i HBO);650;50;650;SUPER Box;134;129;SMART M - 84 kana³y. CANAL+ Seriale i Filmy. HBO;cena z rabatem za e-fakturê;1;1;198.54;2;24;203.53;;;
831;MC2;12;12;Mega Paczka;650;50;650;SUPER Box;134;129;SMART M - 84 kana³y;cena z rabatem za e-fakturê;1;1;176.56;2;12;181.55;;;
832;MC2;12;12;Trzymaj z nami;650;50;650;SUPER Box;134;129;SMART M - 84 kana³y;cena z rabatem za e-fakturê;1;1;176.56;2;12;181.55;;;
833;MC2;24;24;Dla Dwojga (z HBO);650;50;650;SUPER Box;134;129;SMART M - 84 kana³y. HBO;cena z rabatem za e-fakturê;1;1;173.54;2;24;178.53;;;
834;MC2;24;24;Dla Dwojga (z CANAL+ Seriale i Filmy);650;50;650;SUPER Box;134;129;SMART M - 84 kana³y. CANAL+ Seriale i Filmy;cena z rabatem za e-fakturê;1;1;166.56;2;24;171.55;;;
835;MC2;24;24;Mega Paczka;650;50;650;SUPER Box;134;129;SMART M - 84 kana³y;cena z rabatem za e-fakturê;1;1;161.56;2;24;166.55;;;
836;MC2;24;24;Trzymaj z nami;650;50;650;SUPER Box;134;129;SMART M - 84 kana³y;cena z rabatem za e-fakturê;1;1;156.56;2;24;161.55;;;
837;MC2;12;12;STOP EXTRA NET I TV;650;50;650;SUPER Box;134;129;;cena z rabatem za e-fakturê;1;12;67.54;;;;;;
838;MC2;24;24;Dla Dwojga (z CANAL+ Super Sport i HBO);900;60;800;SUPER Box;134;129;SMART M - 84 kana³y. CANAL+ Super Sport. HBO;cena z rabatem za e-fakturê;1;1;248.54;2;24;253.53;;;
839;MC2;24;24;Dla Dwojga (z CANAL+ Super Sport);900;60;800;SUPER Box;134;129;SMART M - 84 kana³y. CANAL+ Super Sport;cena z rabatem za e-fakturê;1;1;216.56;2;24;221.55;;;
840;MC2;24;24;Dla Dwojga (z CANAL+ Seriale i Filmy i HBO);900;60;800;SUPER Box;134;129;SMART M - 84 kana³y. CANAL+ Seriale i Filmy. HBO;cena z rabatem za e-fakturê;1;1;208.54;2;24;213.53;;;
841;MC2;12;12;Mega Paczka;900;60;800;SUPER Box;134;129;SMART M - 84 kana³y;cena z rabatem za e-fakturê;1;1;186.56;2;12;191.55;;;
842;MC2;12;12;Trzymaj z nami;900;60;800;SUPER Box;134;129;SMART M - 84 kana³y;cena z rabatem za e-fakturê;1;1;186.56;2;12;191.55;;;
843;MC2;24;24;Dla Dwojga (z HBO);900;60;800;SUPER Box;134;129;SMART M - 84 kana³y. HBO;cena z rabatem za e-fakturê;1;1;183.54;2;24;188.53;;;
844;MC2;24;24;Dla Dwojga (z CANAL+ Seriale i Filmy);900;60;800;SUPER Box;134;129;SMART M - 84 kana³y. CANAL+ Seriale i Filmy;cena z rabatem za e-fakturê;1;1;176.56;2;24;181.55;;;
845;MC2;24;24;Mega Paczka;900;60;800;SUPER Box;134;129;SMART M - 84 kana³y;cena z rabatem za e-fakturê;1;1;171.56;2;24;176.55;;;
846;MC2;24;24;Trzymaj z nami;900;60;800;SUPER Box;134;129;SMART M - 84 kana³y;cena z rabatem za e-fakturê;1;1;166.56;2;24;171.55;;;
847;MC2;12;12;Mega Paczka;150;10;120;MAX Box;152;129;SMART L - 136 kana³ów;cena z rabatem za e-fakturê;1;1;165.56;2;12;170.55;;;
848;MC2;12;12;Trzymaj z nami;150;10;120;MAX Box;152;129;SMART L - 136 kana³ów;cena z rabatem za e-fakturê;1;1;163.27;2;12;168.26;;;
849;MC2;24;24;Mega Paczka;150;10;120;MAX Box;152;129;SMART L - 136 kana³ów;cena z rabatem za e-fakturê;1;1;150.56;2;24;155.55;;;
850;MC2;24;24;Trzymaj z nami;150;10;120;MAX Box;152;129;SMART L - 136 kana³ów;cena z rabatem za e-fakturê;1;1;143.27;2;24;148.26;;;
851;MC2;24;24;Dla Dwojga (z CANAL+ Super Sport i HBO);300;25;300;MAX Box;152;129;SMART L - 136 kana³ów. CANAL+ Super Sport. HBO;cena z rabatem za e-fakturê;1;1;232.54;2;24;237.53;;;
852;MC2;24;24;Dla Dwojga (z CANAL+ Super Sport);300;25;300;MAX Box;152;129;SMART L - 136 kana³ów. CANAL+ Super Sport;cena z rabatem za e-fakturê;1;1;200.56;2;24;205.55;;;
853;MC2;24;24;Dla Dwojga (z CANAL+ Seriale i Filmy i HBO);300;25;300;MAX Box;152;129;SMART L - 136 kana³ów. CANAL+ Seriale i Filmy. HBO;cena z rabatem za e-fakturê;1;1;192.54;2;24;197.53;;;
854;MC2;12;12;Mega Paczka;300;25;300;MAX Box;152;129;SMART L - 136 kana³ów;cena z rabatem za e-fakturê;1;1;171.56;2;12;176.55;;;
855;MC2;12;12;Trzymaj z nami;300;25;300;MAX Box;152;129;SMART L - 136 kana³ów;cena z rabatem za e-fakturê;1;1;169.56;2;12;174.55;;;
856;MC2;24;24;Dla Dwojga (z HBO);300;25;300;MAX Box;152;129;SMART L - 136 kana³ów. HBO;cena z rabatem za e-fakturê;1;1;167.54;2;24;172.53;;;
857;MC2;24;24;Dla Dwojga (z CANAL+ Seriale i Filmy);300;25;300;MAX Box;152;129;SMART L - 136 kana³ów. CANAL+ Seriale i Filmy;cena z rabatem za e-fakturê;1;1;160.56;2;24;165.55;;;
858;MC2;24;24;Mega Paczka;300;25;300;MAX Box;152;129;SMART L - 136 kana³ów;cena z rabatem za e-fakturê;1;1;156.56;2;24;161.55;;;
859;MC2;24;24;Trzymaj z nami;300;25;300;MAX Box;152;129;SMART L - 136 kana³ów;cena z rabatem za e-fakturê;1;1;149.56;2;24;154.55;;;
860;MC2;24;24;Dla Dwojga (z CANAL+ Super Sport i HBO);650;50;650;MAX Box;152;129;SMART L - 136 kana³ów. CANAL+ Super Sport. HBO;cena z rabatem za e-fakturê;1;1;243.54;2;24;248.53;;;
861;MC2;24;24;Dla Dwojga (z CANAL+ Super Sport);650;50;650;MAX Box;152;129;SMART L - 136 kana³ów. CANAL+ Super Sport;cena z rabatem za e-fakturê;1;1;211.56;2;24;216.55;;;
862;MC2;24;24;Dla Dwojga (z CANAL+ Seriale i Filmy i HBO);650;50;650;MAX Box;152;129;SMART L - 136 kana³ów. CANAL+ Seriale i Filmy. HBO;cena z rabatem za e-fakturê;1;1;203.54;2;24;208.53;;;
863;MC2;12;12;Mega Paczka;650;50;650;MAX Box;152;129;SMART L - 136 kana³ów;cena z rabatem za e-fakturê;1;1;181.56;2;12;186.55;;;
864;MC2;12;12;Trzymaj z nami;650;50;650;MAX Box;152;129;SMART L - 136 kana³ów;cena z rabatem za e-fakturê;1;1;179.56;2;12;184.55;;;
865;MC2;24;24;Dla Dwojga (z HBO);650;50;650;MAX Box;152;129;SMART L - 136 kana³ów. HBO;cena z rabatem za e-fakturê;1;1;178.54;2;24;183.53;;;
866;MC2;24;24;Dla Dwojga (z CANAL+ Seriale i Filmy);650;50;650;MAX Box;152;129;SMART L - 136 kana³ów. CANAL+ Seriale i Filmy;cena z rabatem za e-fakturê;1;1;171.56;2;24;176.55;;;
867;MC2;24;24;Mega Paczka;650;50;650;MAX Box;152;129;SMART L - 136 kana³ów;cena z rabatem za e-fakturê;1;1;166.56;2;24;171.55;;;
868;MC2;24;24;Trzymaj z nami;650;50;650;MAX Box;152;129;SMART L - 136 kana³ów;cena z rabatem za e-fakturê;1;1;159.56;2;24;164.55;;;
869;MC2;12;12;STOP EXTRA NET I TV;650;50;650;MAX Box;152;129;;cena z rabatem za e-fakturê;1;12;92.4;;;;;;
870;MC2;24;24;Dla Dwojga (z CANAL+ Super Sport i HBO);900;60;800;MAX Box;152;129;SMART L - 136 kana³ów. CANAL+ Super Sport. HBO;cena z rabatem za e-fakturê;1;1;253.54;2;24;258.53;;;
871;MC2;24;24;Dla Dwojga (z CANAL+ Super Sport);900;60;800;MAX Box;152;129;SMART L - 136 kana³ów. CANAL+ Super Sport;cena z rabatem za e-fakturê;1;1;221.56;2;24;226.55;;;
872;MC2;24;24;Dla Dwojga (z CANAL+ Seriale i Filmy i HBO);900;60;800;MAX Box;152;129;SMART L - 136 kana³ów. CANAL+ Seriale i Filmy. HBO;cena z rabatem za e-fakturê;1;1;213.54;2;24;218.53;;;
873;MC2;12;12;Mega Paczka;900;60;800;MAX Box;152;129;SMART L - 136 kana³ów;cena z rabatem za e-fakturê;1;1;191.56;2;12;196.55;;;
874;MC2;12;12;Trzymaj z nami;900;60;800;MAX Box;152;129;SMART L - 136 kana³ów;cena z rabatem za e-fakturê;1;1;189.56;2;12;194.55;;;
875;MC2;24;24;Dla Dwojga (z HBO);900;60;800;MAX Box;152;129;SMART L - 136 kana³ów. HBO;cena z rabatem za e-fakturê;1;1;188.54;2;24;193.53;;;
876;MC2;24;24;Dla Dwojga (z CANAL+ Seriale i Filmy);900;60;800;MAX Box;152;129;SMART L - 136 kana³ów. CANAL+ Seriale i Filmy;cena z rabatem za e-fakturê;1;1;181.56;2;24;186.55;;;
877;MC2;24;24;Mega Paczka;900;60;800;MAX Box;152;129;SMART L - 136 kana³ów;cena z rabatem za e-fakturê;1;1;176.56;2;24;181.55;;;
878;MC2;24;24;Trzymaj z nami;900;60;800;MAX Box;152;129;SMART L - 136 kana³ów;cena z rabatem za e-fakturê;1;1;169.56;2;24;174.55;;;
879;NETIA;24;24;Dla ka¿dego;300;50;300;Telewizja;94;129;Netia GO;cena z rabatami;1;3;0;4;24;60;;;
880;NETIA;24;24;Dla ka¿dego;1000;300;800;Telewizja;94;129;Netia GO;cena z rabatami;1;6;0;7;24;70;;;
881;NETIA;24;24;Dla ka¿dego;2000;1000;800;Telewizja;94;129;Netia GO;cena z rabatami;1;6;0;7;24;85;;;
882;NETIA;24;24;Oferta z Canal+;1000;300;800;S + C+ Ultra;114;129;CANAL+ ULTRA.  Netia GO;cena z rabatami;1;6;80;7;24;150;;;
883;NETIA;24;24;Oferta z Canal+ i  WIFI 7;2000;1000;800;S + C+ Ultra;114;129;CANAL+ ULTRA.  Netia GO. Router Wifi 7;;1;3;0;4;6;80;7;24;165
884;NETIA;24;24;Dla ka¿dego;300;50;300;Telewizja;119;129;Cinemax HD. Netia GO;cena z rabatami;1;3;0;4;24;70;;;
885;NETIA;24;24;Dla ka¿dego;600;100;650;Telewizja;119;129;Cinemax HD. Netia GO;cena z rabatami;1;3;0;4;24;70;;;
886;NETIA;24;24;Dla ka¿dego;1000;300;800;Telewizja;119;129;Cinemax HD. Netia GO;cena z rabatami;1;6;0;7;24;80;;;
887;NETIA;24;24;Dla ka¿dego;2000;1000;800;Telewizja;119;129;Cinemax HD. Netia GO;cena z rabatami;1;6;0;7;24;95;;;
888;NETIA;24;24;Dla kinomaniaka;300;50;300;Telewizja;122;129;HBO HD. HMO Max. Cinemax HD. Netia GO;cena z rabatami;1;3;0;4;24;95;;;
889;NETIA;24;24;Dla kinomaniaka;600;100;650;Telewizja;122;129;HBO HD. HMO Max. Cinemax HD. Netia GO;cena z rabatami;1;3;0;4;24;95;;;
890;NETIA;24;24;Dla kinomaniaka;1000;300;800;Telewizja;122;129;HBO HD. HMO Max. Cinemax HD. Netia GO;cena z rabatami;1;3;0;4;6;25;7;24;105
891;NETIA;24;24;Dla kinomaniaka;2000;1000;800;Telewizja;122;129;HBO HD. HMO Max. Cinemax HD. Netia GO;cena z rabatami;1;3;0;4;6;25;7;24;120
892;NETIA;24;24;Dla fanów sportu;300;50;300;Telewizja;130;129;Cinemax HD. Netia GO;cena z rabatami;1;3;0;4;24;90;;;
893;NETIA;24;24;Dla fanów sportu;600;100;650;Telewizja;130;129;Cinemax HD. Netia GO;cena z rabatami;1;3;0;4;24;90;;;
894;NETIA;24;24;Dla fanów sportu;1000;300;800;Telewizja;130;129;Cinemax HD. Netia GO;cena z rabatami;1;3;0;4;6;20;7;24;100
895;NETIA;24;24;Dla fanów sportu;2000;1000;800;Telewizja;130;129;Cinemax HD. Netia GO;cena z rabatami;1;6;0;7;24;115;;;
896;NETIA;24;24;Dla ka¿dego;300;50;300;Telewizja;187;184;Cinemax HD. Netia GO;cena z rabatami;1;3;0;4;24;100;;;
897;NETIA;24;24;Dla ka¿dego;600;100;650;Telewizja;187;184;Cinemax HD. Netia GO;cena z rabatami;1;3;0;4;24;100;;;
898;NETIA;24;24;Dla ka¿dego;1000;300;800;Telewizja;187;184;Cinemax HD. Netia GO;cena z rabatami;1;6;0;7;24;110;;;
899;NETIA;24;24;Oferta specjalna;1000;300;800;Telewizja;187;184;Cinemax HD. Netia GO. Bezpieczny Internet Ultra;cena z rabatami;1;12;0;13;24;140;;;
900;NETIA;24;24;Dla ka¿dego;2000;1000;800;Telewizja;187;184;Cinemax HD. Netia GO;cena z rabatami;1;6;0;7;24;125;;;
901;NETIA;24;24;Oferta specjalna;2000;1000;800;Telewizja;187;184;Cinemax HD. Netia GO. Bezpieczny Internet Ultra;cena z rabatami;1;12;0;13;24;160;;;
902;NETIA;24;24;Dla kinomaniaka;300;50;300;Telewizja;190;184;HBO HD. HMO Max. Cinemax HD. Netia GO;cena z rabatami;1;3;0;4;24;125;;;
903;NETIA;24;24;Dla kinomaniaka;600;100;650;Telewizja;190;184;HBO HD. HMO Max. Cinemax HD. Netia GO;cena z rabatami;1;3;0;4;24;125;;;
904;NETIA;24;24;Dla kinomaniaka;1000;300;800;Telewizja;190;184;HBO HD. HMO Max. Cinemax HD. Netia GO;cena z rabatami;1;3;0;4;6;25;7;24;135
905;NETIA;24;24;Dla kinomaniaka;2000;1000;800;Telewizja;190;184;HBO HD. HMO Max. Cinemax HD. Netia GO;cena z rabatami;1;3;0;4;6;25;7;24;150
906;NETIA;24;24;Dla fanów sportu;300;50;300;Telewizja;198;184;Cinemax HD. Netia GO;cena z rabatami;1;3;0;4;24;120;;;
907;NETIA;24;24;Dla fanów sportu;600;100;650;Telewizja;198;184;Cinemax HD. Netia GO;cena z rabatami;1;3;0;4;24;120;;;
908;NETIA;24;24;Dla fanów sportu;1000;300;800;Telewizja;198;184;Cinemax HD. Netia GO;cena z rabatami;1;3;0;4;6;20;7;24;130
909;NETIA;24;24;Dla fanów sportu;2000;1000;800;Telewizja;198;184;Cinemax HD. Netia GO;cena z rabatami;1;6;0;7;24;145;;;
910;NETIA;24;24;Dla fanów sportu Oferta z Canal+;300;50;300;M + C+ Ultra + Eleven Sports+Polsat Sport Premium;118;129; C+ Ultra + Eleven Sports+Polsat Sport Premium;;1;3;0;4;24;170;;;
911;NETIA;24;24;Dla fanów sportu Oferta z Canal+;600;100;650;M + C+ Ultra + Eleven Sports+Polsat Sport Premium;118;129;C+ Ultra + Eleven Sports+Polsat Sport Premium;;1;3;0;4;24;170;;;
912;NETIA;24;24;Dla fanów sportu Oferta z Canal+ i  WIFI 7;2000;1000;800;M + C+ Ultra + Eleven Sports+Polsat Sport Premium;118;129; C+ Ultra + Eleven Sports+Polsat Sport Premium;;1;3;0;4;6;100;7;24;195
913;ORANGE;24;24;Internet i Telewizja;300;50;300;Extra TV;230;236;Amazon Prime;cena z rabatami;1;24;84.99;;;;;;
914;ORANGE;24;24;Internet i Telewizja;600;100;650;Extra TV;230;236;Amazon Prime;cena z rabatami;1;6;0;7;24;125;;;
915;ORANGE;24;24;Internet i Telewizja;900;300;800;Extra TV;230;236;Amazon Prime;cena z rabatami;1;6;0;7;24;135;;;
916;ORANGE;24;24;Internet i Telewizja;1000;300;800;Extra TV;230;236;Amazon Prime;cena z rabatami;1;6;0;7;24;135;;;
917;ORANGE;24;24;Internet i Telewizja;2000;600;800;Extra TV;230;236;Amazon Prime;cena z rabatami;1;6;0;7;9;45;10;24;145
918;ORANGE;24;24;Internet i Telewizja;8000;1000;800;Extra TV;230;236;Amazon Prime;cena z rabatami;1;6;0;7;9;45;10;24;210
919;PELMAR;24;24;Blue Box + Net;300;15;300;Blue Box;57;57;SMART TV - 57 kana³ów;cena z rabatem za e-fakturê;1;3;0;4;24;83.69;;;
920;PELMAR;24;24;Blue Box + Net;650;30;650;Blue Box;57;57;SMART TV - 57 kana³ów;cena z rabatem za e-fakturê;1;3;0;4;24;93.69;;;
921;PELMAR;24;24;Blue Box + Net;800;40;800;Blue Box;57;57;SMART TV - 57 kana³ów;cena z rabatem za e-fakturê;1;3;0;4;24;103.69;;;
922;PELMAR;24;24;Dla Dwojga (z CANAL+ Super Sport i HBO);120;10;120;Start Box;128;129;SMART M - 84 kana³y. CANAL+ Super Sport. HBO;"dostêpny dla Klientów posiadaj¹cych 
legitymacjê emeryta / rencisty
. cena z rabatem za e-fakturê";1;1;213.46;2;24;218.45;;;
923;PELMAR;24;24;Dla Dwojga (z CANAL+ Super Sport);120;10;120;Start Box;128;129;SMART M - 84 kana³y. CANAL+ Super Sport;"dostêpny dla Klientów posiadaj¹cych 
legitymacjê emeryta / rencisty
. cena z rabatem za e-fakturê";1;1;173.56;2;24;178.55;;;
924;PELMAR;24;24;Dla Dwojga (z CANAL+ Seriale i Filmy i HBO);120;10;120;Start Box;128;129;SMART M - 84 kana³y. CANAL+ Seriale i Filmy. HBO;"dostêpny dla Klientów posiadaj¹cych 
legitymacjê emeryta / rencisty
. cena z rabatem za e-fakturê";1;1;173.46;2;24;178.45;;;
925;PELMAR;24;24;Dla Dwojga (z HBO);120;10;120;Start Box;128;129;SMART M - 84 kana³y. HBO;"dostêpny dla Klientów posiadaj¹cych 
legitymacjê emeryta / rencisty
. cena z rabatem za e-fakturê";1;1;148.46;2;24;153.45;;;
926;PELMAR;24;24;Dla Dwojga (z CANAL+ Seriale i Filmy);120;10;120;Start Box;128;129;SMART M - 84 kana³y. CANAL+ Seriale i Filmy;"dostêpny dla Klientów posiadaj¹cych 
legitymacjê emeryta / rencisty
. cena z rabatem za e-fakturê";1;1;133.56;2;24;138.55;;;
927;PELMAR;12;12;Super Box;120;10;120;Start Box;128;129;SMART M - 84 kana³y;"dostêpny dla Klientów posiadaj¹cych 
legitymacjê emeryta / rencisty
. cena z rabatem za e-fakturê";1;1;124.56;2;12;129.55;;;
928;PELMAR;12;12;Trzymaj z nami;120;10;120;Start Box;128;129;SMART M - 84 kana³y;"dostêpny dla Klientów posiadaj¹cych 
legitymacjê emeryta / rencisty
. cena z rabatem za e-fakturê";1;1;120.56;2;12;125.55;;;
929;PELMAR;24;24;Super Box;120;10;120;Start Box;128;129;SMART M - 84 kana³y;cena z rabatem za e-fakturê;1;1;119.56;2;24;124.55;;;
930;PELMAR;24;24;Trzymaj z nami;120;10;120;Start Box;128;129;SMART M - 84 kana³y;cena z rabatem za e-fakturê;1;1;111.56;2;24;116.55;;;
931;PELMAR;24;24;Dla Dwojga (z CANAL+ Super Sport i HBO);300;15;300;Start Box;128;129;SMART M - 84 kana³y. CANAL+ Super Sport. HBO;cena z rabatem za e-fakturê;1;1;218.46;2;24;223.45;;;
932;PELMAR;24;24;Dla Dwojga (z CANAL+ Super Sport);300;15;300;Start Box;128;129;SMART M - 84 kana³y. CANAL+ Super Sport;cena z rabatem za e-fakturê;1;1;178.56;2;24;183.55;;;
933;PELMAR;24;24;Dla Dwojga (z CANAL+ Seriale i Filmy i HBO);300;15;300;Start Box;128;129;SMART M - 84 kana³y. CANAL+ Seriale i Filmy. HBO;cena z rabatem za e-fakturê;1;1;178.46;2;24;183.45;;;
934;PELMAR;24;24;Dla Dwojga (z HBO);300;15;300;Start Box;128;129;SMART M - 84 kana³y. HBO;cena z rabatem za e-fakturê;1;1;153.46;2;24;158.45;;;
935;PELMAR;12;12;Super Box;300;15;300;Start Box;128;129;SMART M - 84 kana³y;cena z rabatem za e-fakturê;1;1;140.56;2;12;145.55;;;
936;PELMAR;12;12;Trzymaj z nami;300;15;300;Start Box;128;129;SMART M - 84 kana³y;cena z rabatem za e-fakturê;1;1;139.56;2;12;144.55;;;
937;PELMAR;24;24;Dla Dwojga (z CANAL+ Seriale i Filmy);300;15;300;Start Box;128;129;SMART M - 84 kana³y. CANAL+ Seriale i Filmy;cena z rabatem za e-fakturê;1;1;138.56;2;24;143.55;;;
938;PELMAR;24;24;Super Box;300;15;300;Start Box;128;129;SMART M - 84 kana³y;cena z rabatem za e-fakturê;1;1;135.56;2;24;140.55;;;
939;PELMAR;24;24;Trzymaj z nami;300;15;300;Start Box;128;129;SMART M - 84 kana³y;cena z rabatem za e-fakturê;1;1;130.56;2;24;135.55;;;
940;PELMAR;24;24;Oferta jesienna (z CANAL+ Super Sport);300;15;300;Start Box;128;129;SMART M - 84 kana³y. CANAL+ Super Sport;cena z rabatem za e-fakturê;1;24;124.99;;;;;;
941;PELMAR;24;24;Oferta jesienna (z CANAL+ Seriale i Filmy);300;15;300;Start Box;128;129;SMART M - 84 kana³y. CANAL+ Seriale i Filmy;cena z rabatem za e-fakturê;1;24;84.99;;;;;;
942;PELMAR;24;24;Oferta jesienna;300;15;300;Start Box;128;129;SMART M - 84 kana³y;cena z rabatem za e-fakturê;1;24;74.99;;;;;;
943;PELMAR;12;12;STOP EXTRA NET I TV;300;15;300;Start Box;128;129;;cena z rabatem za e-fakturê;1;12;61.33;;;;;;
944;PELMAR;24;24;Dla Dwojga (z CANAL+ Super Sport i HBO);650;30;650;Start Box;128;129;SMART M - 84 kana³y. CANAL+ Super Sport. HBO;cena z rabatem za e-fakturê;1;1;223.46;2;24;228.45;;;
945;PELMAR;24;24;Dla Dwojga (z CANAL+ Super Sport);650;30;650;Start Box;128;129;SMART M - 84 kana³y. CANAL+ Super Sport;cena z rabatem za e-fakturê;1;1;183.56;2;24;188.55;;;
946;PELMAR;24;24;Dla Dwojga (z CANAL+ Seriale i Filmy i HBO);650;30;650;Start Box;128;129;SMART M - 84 kana³y. CANAL+ Seriale i Filmy. HBO;cena z rabatem za e-fakturê;1;1;183.46;2;24;188.45;;;
947;PELMAR;24;24;Dla Dwojga (z HBO);650;30;650;Start Box;128;129;SMART M - 84 kana³y. HBO;cena z rabatem za e-fakturê;1;1;158.46;2;24;163.45;;;
948;PELMAR;12;12;Super Box;650;30;650;Start Box;128;129;SMART M - 84 kana³y;cena z rabatem za e-fakturê;1;1;145.56;2;12;150.55;;;
949;PELMAR;12;12;Trzymaj z nami;650;30;650;Start Box;128;129;SMART M - 84 kana³y;cena z rabatem za e-fakturê;1;1;144.56;2;12;149.55;;;
950;PELMAR;24;24;Dla Dwojga (z CANAL+ Seriale i Filmy);650;30;650;Start Box;128;129;SMART M - 84 kana³y. CANAL+ Seriale i Filmy;cena z rabatem za e-fakturê;1;1;143.56;2;24;148.55;;;
951;PELMAR;24;24;Super Box;650;30;650;Start Box;128;129;SMART M - 84 kana³y;cena z rabatem za e-fakturê;1;1;140.56;2;24;145.55;;;
952;PELMAR;24;24;Trzymaj z nami;650;30;650;Start Box;128;129;SMART M - 84 kana³y;cena z rabatem za e-fakturê;1;1;135.56;2;24;140.55;;;
953;PELMAR;24;24;Oferta jesienna (z CANAL+ Super Sport);650;30;650;Start Box;128;129;SMART M - 84 kana³y. CANAL+ Super Sport;cena z rabatem za e-fakturê;1;24;139.99;;;;;;
954;PELMAR;24;24;Oferta jesienna (z CANAL+ Seriale i Filmy);650;30;650;Start Box;128;129;SMART M - 84 kana³y. CANAL+ Seriale i Filmy;cena z rabatem za e-fakturê;1;24;99.99;;;;;;
955;PELMAR;24;24;Oferta jesienna;650;30;650;Start Box;128;129;SMART M - 84 kana³y;cena z rabatem za e-fakturê;1;24;89.99;;;;;;
956;PELMAR;24;24;Dla Dwojga (z CANAL+ Super Sport i HBO);800;40;800;Start Box;128;129;SMART M - 84 kana³y. CANAL+ Super Sport. HBO;cena z rabatem za e-fakturê;1;1;265.46;2;24;264.45;;;
957;PELMAR;24;24;Dla Dwojga (z CANAL+ Super Sport);800;40;800;Start Box;128;129;SMART M - 84 kana³y. CANAL+ Super Sport;cena z rabatem za e-fakturê;1;1;219.56;2;24;224.55;;;
958;PELMAR;24;24;Dla Dwojga (z CANAL+ Seriale i Filmy i HBO);800;40;800;Start Box;128;129;SMART M - 84 kana³y. CANAL+ Seriale i Filmy. HBO;cena z rabatem za e-fakturê;1;1;219.46;2;24;224.45;;;
959;PELMAR;24;24;Dla Dwojga (z HBO);800;40;800;Start Box;128;129;SMART M - 84 kana³y. HBO;cena z rabatem za e-fakturê;1;1;194.46;2;24;199.45;;;
960;PELMAR;12;12;Trzymaj z nami;800;40;800;Start Box;128;129;SMART M - 84 kana³y;cena z rabatem za e-fakturê;1;1;180.56;2;12;185.55;;;
961;PELMAR;24;24;Dla Dwojga (z CANAL+ Seriale i Filmy);800;40;800;Start Box;128;129;SMART M - 84 kana³y. CANAL+ Seriale i Filmy;cena z rabatem za e-fakturê;1;1;179.56;2;24;184.55;;;
962;PELMAR;12;12;Super Box;800;40;800;Start Box;128;129;SMART M - 84 kana³y;cena z rabatem za e-fakturê;1;1;176.56;2;12;181.55;;;
963;PELMAR;24;24;Super Box;800;40;800;Start Box;128;129;SMART M - 84 kana³y;cena z rabatem za e-fakturê;1;1;171.56;2;24;176.55;;;
964;PELMAR;24;24;Trzymaj z nami;800;40;800;Start Box;128;129;SMART M - 84 kana³y;cena z rabatem za e-fakturê;1;1;171.56;2;24;176.55;;;
965;PELMAR;24;24;Oferta jesienna (z CANAL+ Super Sport);800;40;800;Start Box;128;129;SMART M - 84 kana³y. CANAL+ Super Sport;cena z rabatem za e-fakturê;1;24;154.99;;;;;;
966;PELMAR;24;24;Oferta jesienna (z CANAL+ Seriale i Filmy);800;40;800;Start Box;128;129;SMART M - 84 kana³y. CANAL+ Seriale i Filmy;cena z rabatem za e-fakturê;1;24;114.99;;;;;;
967;PELMAR;24;24;Oferta jesienna;800;40;800;Start Box;128;129;SMART M - 84 kana³y;cena z rabatem za e-fakturê;1;24;104.99;;;;;;
968;PELMAR;24;24;Dla Dwojga (z CANAL+ Super Sport i HBO);120;10;120;M Box;183;184;SMART M - 84 kana³y. CANAL+ Super Sport. HBO;"dostêpny dla Klientów posiadaj¹cych 
legitymacjê emeryta / rencisty
. cena z rabatem za e-fakturê";1;1;239.46;2;24;244.45;;;
969;PELMAR;24;24;Dla Dwojga (z CANAL+ Super Sport);120;10;120;M Box;183;184;SMART M - 84 kana³y. CANAL+ Super Sport;"dostêpny dla Klientów posiadaj¹cych 
legitymacjê emeryta / rencisty
. cena z rabatem za e-fakturê";1;1;199.56;2;24;204.55;;;
970;PELMAR;24;24;Dla Dwojga (z CANAL+ Seriale i Filmy i HBO);120;10;120;M Box;183;184;SMART M - 84 kana³y. CANAL+ Seriale i Filmy. HBO;"dostêpny dla Klientów posiadaj¹cych 
legitymacjê emeryta / rencisty
. cena z rabatem za e-fakturê";1;1;199.46;2;24;204.45;;;
971;PELMAR;24;24;Dla Dwojga (z HBO);120;10;120;M Box;183;184;SMART M - 84 kana³y. HBO;"dostêpny dla Klientów posiadaj¹cych 
legitymacjê emeryta / rencisty
. cena z rabatem za e-fakturê";1;1;174.46;2;24;179.45;;;
972;PELMAR;24;24;Dla Dwojga (z CANAL+ Seriale i Filmy);120;10;120;M Box;183;184;SMART M - 84 kana³y. CANAL+ Seriale i Filmy;"dostêpny dla Klientów posiadaj¹cych 
legitymacjê emeryta / rencisty
. cena z rabatem za e-fakturê";1;1;159.56;2;24;164.55;;;
973;PELMAR;12;12;Super Box;120;10;120;M Box;183;184;SMART M - 84 kana³y;"dostêpny dla Klientów posiadaj¹cych 
legitymacjê emeryta / rencisty
. cena z rabatem za e-fakturê";1;1;158.56;2;12;163.55;;;
974;PELMAR;24;24;Super Box;120;10;120;M Box;183;184;SMART M - 84 kana³y;cena z rabatem za e-fakturê;1;1;148.56;2;24;153.55;;;
975;PELMAR;12;12;Trzymaj z nami;120;10;120;M Box;183;184;SMART M - 84 kana³y;"dostêpny dla Klientów posiadaj¹cych 
legitymacjê emeryta / rencisty
. cena z rabatem za e-fakturê";1;1;147.56;2;12;152.55;;;
976;PELMAR;24;24;Trzymaj z nami;120;10;120;M Box;183;184;SMART M - 84 kana³y;cena z rabatem za e-fakturê;1;1;137.56;2;24;142.55;;;
977;PELMAR;24;24;Dla Dwojga (z CANAL+ Super Sport i HBO);300;15;300;M Box;183;184;SMART M - 84 kana³y. CANAL+ Super Sport. HBO;cena z rabatem za e-fakturê;1;1;244.46;2;24;249.45;;;
978;PELMAR;24;24;Dla Dwojga (z CANAL+ Super Sport);300;15;300;M Box;183;184;SMART M - 84 kana³y. CANAL+ Super Sport;cena z rabatem za e-fakturê;1;1;204.56;2;24;209.55;;;
979;PELMAR;24;24;Dla Dwojga (z CANAL+ Seriale i Filmy i HBO);300;15;300;M Box;183;184;SMART M - 84 kana³y. CANAL+ Seriale i Filmy. HBO;cena z rabatem za e-fakturê;1;1;204.46;2;24;209.45;;;
980;PELMAR;24;24;Dla Dwojga (z HBO);300;15;300;M Box;183;184;SMART M - 84 kana³y. HBO;cena z rabatem za e-fakturê;1;1;179.46;2;24;184.45;;;
981;PELMAR;12;12;Super Box;300;15;300;M Box;183;184;SMART M - 84 kana³y;cena z rabatem za e-fakturê;1;1;174.56;2;12;179.55;;;
982;PELMAR;12;12;Trzymaj z nami;300;15;300;M Box;183;184;SMART M - 84 kana³y;cena z rabatem za e-fakturê;1;1;166.56;2;12;171.55;;;
983;PELMAR;24;24;Dla Dwojga (z CANAL+ Seriale i Filmy);300;15;300;M Box;183;184;SMART M - 84 kana³y. CANAL+ Seriale i Filmy;cena z rabatem za e-fakturê;1;1;164.56;2;24;169.55;;;
984;PELMAR;24;24;Super Box;300;15;300;M Box;183;184;SMART M - 84 kana³y;cena z rabatem za e-fakturê;1;1;164.56;2;24;169.55;;;
985;PELMAR;24;24;Trzymaj z nami;300;15;300;M Box;183;184;SMART M - 84 kana³y;cena z rabatem za e-fakturê;1;1;156.56;2;24;161.55;;;
986;PELMAR;12;12;STOP EXTRA NET I TV;300;15;300;M Box;183;184;;cena z rabatem za e-fakturê;1;12;86.19;;;;;;
987;PELMAR;24;24;Dla Dwojga (z CANAL+ Super Sport i HBO);650;30;650;M Box;183;184;SMART M - 84 kana³y. CANAL+ Super Sport. HBO;cena z rabatem za e-fakturê;1;1;249.46;2;24;254.45;;;
988;PELMAR;24;24;Dla Dwojga (z CANAL+ Super Sport);650;30;650;M Box;183;184;SMART M - 84 kana³y. CANAL+ Super Sport;cena z rabatem za e-fakturê;1;1;209.56;2;24;214.55;;;
989;PELMAR;24;24;Dla Dwojga (z CANAL+ Seriale i Filmy i HBO);650;30;650;M Box;183;184;SMART M - 84 kana³y. CANAL+ Seriale i Filmy. HBO;cena z rabatem za e-fakturê;1;1;209.46;2;24;214.45;;;
990;PELMAR;24;24;Dla Dwojga (z HBO);650;30;650;M Box;183;184;SMART M - 84 kana³y. HBO;cena z rabatem za e-fakturê;1;1;184.46;2;24;189.45;;;
991;PELMAR;12;12;Super Box;650;30;650;M Box;183;184;SMART M - 84 kana³y;cena z rabatem za e-fakturê;1;1;179.56;2;12;184.55;;;
992;PELMAR;12;12;Trzymaj z nami;650;30;650;M Box;183;184;SMART M - 84 kana³y;cena z rabatem za e-fakturê;1;1;171.56;2;12;176.55;;;
993;PELMAR;24;24;Dla Dwojga (z CANAL+ Seriale i Filmy);650;30;650;M Box;183;184;SMART M - 84 kana³y. CANAL+ Seriale i Filmy;cena z rabatem za e-fakturê;1;1;169.56;2;24;174.55;;;
994;PELMAR;24;24;Super Box;650;30;650;M Box;183;184;SMART M - 84 kana³y;cena z rabatem za e-fakturê;1;1;169.56;2;24;174.55;;;
995;PELMAR;24;24;Trzymaj z nami;650;30;650;M Box;183;184;SMART M - 84 kana³y;cena z rabatem za e-fakturê;1;1;161.56;2;24;166.55;;;
996;PELMAR;24;24;Dla Dwojga (z CANAL+ Super Sport i HBO);800;40;800;M Box;183;184;SMART M - 84 kana³y. CANAL+ Super Sport. HBO;cena z rabatem za e-fakturê;1;1;285.46;2;24;290.45;;;
997;PELMAR;24;24;Dla Dwojga (z CANAL+ Super Sport);800;40;800;M Box;183;184;SMART M - 84 kana³y. CANAL+ Super Sport;cena z rabatem za e-fakturê;1;1;245.56;2;24;250.55;;;
998;PELMAR;24;24;Dla Dwojga (z CANAL+ Seriale i Filmy i HBO);800;40;800;M Box;183;184;SMART M - 84 kana³y. CANAL+ Seriale i Filmy. HBO;cena z rabatem za e-fakturê;1;1;245.46;2;24;250.45;;;
999;PELMAR;24;24;Dla Dwojga (z HBO);800;40;800;M Box;183;184;SMART M - 84 kana³y. HBO;cena z rabatem za e-fakturê;1;1;220.46;2;24;225.45;;;
1000;PELMAR;12;12;Super Box;800;40;800;M Box;183;184;SMART M - 84 kana³y;cena z rabatem za e-fakturê;1;1;210.56;2;12;215.55;;;
1001;PELMAR;12;12;Trzymaj z nami;800;40;800;M Box;183;184;SMART M - 84 kana³y;cena z rabatem za e-fakturê;1;1;207.56;2;12;212.55;;;
1002;PELMAR;24;24;Dla Dwojga (z CANAL+ Seriale i Filmy);800;40;800;M Box;183;184;SMART M - 84 kana³y. CANAL+ Seriale i Filmy;cena z rabatem za e-fakturê;1;1;205.56;2;24;210.55;;;
1003;PELMAR;24;24;Super Box;800;40;800;M Box;183;184;SMART M - 84 kana³y;cena z rabatem za e-fakturê;1;1;200.56;2;24;205.55;;;
1004;PELMAR;24;24;Trzymaj z nami;800;40;800;M Box;183;184;SMART M - 84 kana³y;cena z rabatem za e-fakturê;1;1;197.56;2;24;202.55;;;
1005;PELMAR;24;24;Dla Dwojga (z CANAL+ Super Sport i HBO);120;10;120;L Box;235;236;SMART L - 136 kana³ów. CANAL+ Super Sport. HBO;"dostêpny dla Klientów posiadaj¹cych 
legitymacjê emeryta / rencisty
. cena z rabatem za e-fakturê";1;1;265.46;2;24;270.45;;;
1006;PELMAR;24;24;Dla Dwojga (z CANAL+ Super Sport);120;10;120;L Box;235;236;SMART L - 136 kana³ów. CANAL+ Super Sport;"dostêpny dla Klientów posiadaj¹cych 
legitymacjê emeryta / rencisty
. cena z rabatem za e-fakturê";1;1;225.56;2;24;230.55;;;
1007;PELMAR;24;24;Dla Dwojga (z CANAL+ Seriale i Filmy i HBO);120;10;120;L Box;235;236;SMART L - 136 kana³ów. CANAL+ Seriale i Filmy. HBO;"dostêpny dla Klientów posiadaj¹cych 
legitymacjê emeryta / rencisty
. cena z rabatem za e-fakturê";1;1;225.46;2;24;230.45;;;
1008;PELMAR;24;24;Dla Dwojga (z HBO);120;10;120;L Box;235;236;SMART L - 136 kana³ów. HBO;"dostêpny dla Klientów posiadaj¹cych 
legitymacjê emeryta / rencisty
. cena z rabatem za e-fakturê";1;1;202.46;2;24;207.45;;;
1009;PELMAR;24;24;Dla Dwojga (z CANAL+ Seriale i Filmy);120;10;120;L Box;235;236;SMART L - 136 kana³ów. CANAL+ Seriale i Filmy;"dostêpny dla Klientów posiadaj¹cych 
legitymacjê emeryta / rencisty
. cena z rabatem za e-fakturê";1;1;185.56;2;24;190.55;;;
1010;PELMAR;12;12;Super Box;120;10;120;L Box;235;236;SMART L - 136 kana³ów;"dostêpny dla Klientów posiadaj¹cych 
legitymacjê emeryta / rencisty
. cena z rabatem za e-fakturê";1;1;183.56;2;12;188.55;;;
1011;PELMAR;24;24;Super Box;120;10;120;L Box;235;236;SMART L - 136 kana³ów;cena z rabatem za e-fakturê;1;1;173.56;2;24;178.55;;;
1012;PELMAR;12;12;Trzymaj z nami;120;10;120;L Box;235;236;SMART L - 136 kana³ów;"dostêpny dla Klientów posiadaj¹cych 
legitymacjê emeryta / rencisty
. cena z rabatem za e-fakturê";1;1;173.56;2;12;178.55;;;
1013;PELMAR;24;24;Trzymaj z nami;120;10;120;L Box;235;236;SMART L - 136 kana³ów;cena z rabatem za e-fakturê;1;1;163.56;2;24;168.55;;;
1014;PELMAR;24;24;Dla Dwojga (z CANAL+ Super Sport i HBO);300;15;300;L Box;235;236;SMART L - 136 kana³ów. CANAL+ Super Sport. HBO;cena z rabatem za e-fakturê;1;1;270.46;2;24;275.45;;;
1015;PELMAR;24;24;Dla Dwojga (z CANAL+ Super Sport);300;15;300;L Box;235;236;SMART L - 136 kana³ów. CANAL+ Super Sport;cena z rabatem za e-fakturê;1;1;230.56;2;24;235.55;;;
1016;PELMAR;24;24;Dla Dwojga (z CANAL+ Seriale i Filmy i HBO);300;15;300;L Box;235;236;SMART L - 136 kana³ów. CANAL+ Seriale i Filmy. HBO;cena z rabatem za e-fakturê;1;1;230.46;2;24;235.45;;;
1017;PELMAR;24;24;Dla Dwojga (z HBO);300;15;300;L Box;235;236;SMART L - 136 kana³ów. HBO;cena z rabatem za e-fakturê;1;1;207.46;2;24;212.45;;;
1018;PELMAR;12;12;Super Box;300;15;300;L Box;235;236;SMART L - 136 kana³ów;cena z rabatem za e-fakturê;1;1;199.56;2;12;204.55;;;
1019;PELMAR;12;12;Trzymaj z nami;300;15;300;L Box;235;236;SMART L - 136 kana³ów;cena z rabatem za e-fakturê;1;1;192.56;2;12;197.55;;;
1020;PELMAR;24;24;Dla Dwojga (z CANAL+ Seriale i Filmy);300;15;300;L Box;235;236;SMART L - 136 kana³ów. CANAL+ Seriale i Filmy;cena z rabatem za e-fakturê;1;1;189.56;2;24;195.55;;;
1021;PELMAR;24;24;Super Box;300;15;300;L Box;235;236;SMART L - 136 kana³ów;cena z rabatem za e-fakturê;1;1;189.56;2;24;194.55;;;
1022;PELMAR;24;24;Trzymaj z nami;300;15;300;L Box;235;236;SMART L - 136 kana³ów;cena z rabatem za e-fakturê;1;1;182.56;2;24;187.55;;;
1023;PELMAR;24;24;Dla Dwojga (z CANAL+ Super Sport i HBO);650;30;650;L Box;235;236;SMART L - 136 kana³ów. CANAL+ Super Sport. HBO;cena z rabatem za e-fakturê;1;1;275.46;2;24;280.45;;;
1024;PELMAR;24;24;Dla Dwojga (z CANAL+ Super Sport);650;30;650;L Box;235;236;SMART L - 136 kana³ów. CANAL+ Super Sport;cena z rabatem za e-fakturê;1;1;235.56;2;24;240.55;;;
1025;PELMAR;24;24;Dla Dwojga (z CANAL+ Seriale i Filmy i HBO);650;30;650;L Box;235;236;SMART L - 136 kana³ów. CANAL+ Seriale i Filmy. HBO;cena z rabatem za e-fakturê;1;1;235.46;2;24;240.45;;;
1026;PELMAR;24;24;Dla Dwojga (z HBO);650;30;650;L Box;235;236;SMART L - 136 kana³ów. HBO;cena z rabatem za e-fakturê;1;1;212.46;2;24;217.45;;;
1027;PELMAR;12;12;Super Box;650;30;650;L Box;235;236;SMART L - 136 kana³ów;cena z rabatem za e-fakturê;1;1;204.56;2;12;209.55;;;
1028;PELMAR;12;12;Trzymaj z nami;650;30;650;L Box;235;236;SMART L - 136 kana³ów;cena z rabatem za e-fakturê;1;1;197.56;2;12;202.55;;;
1029;PELMAR;24;24;Dla Dwojga (z CANAL+ Seriale i Filmy);650;30;650;L Box;235;236;SMART L - 136 kana³ów. CANAL+ Seriale i Filmy;cena z rabatem za e-fakturê;1;1;195.56;2;24;200.55;;;
1030;PELMAR;24;24;Super Box;650;30;650;L Box;235;236;SMART L - 136 kana³ów;cena z rabatem za e-fakturê;1;1;194.56;2;24;199.55;;;
1031;PELMAR;24;24;Trzymaj z nami;650;30;650;L Box;235;236;SMART L - 136 kana³ów;cena z rabatem za e-fakturê;1;1;187.56;2;24;192.55;;;
1032;PELMAR;12;12;STOP EXTRA NET I TV;650;30;650;L Box;235;236;;cena z rabatem za e-fakturê;1;12;67.54;;;;;;
1033;PELMAR;24;24;Dla Dwojga (z CANAL+ Super Sport i HBO);800;40;800;L Box;235;236;SMART L - 136 kana³ów. CANAL+ Super Sport. HBO;cena z rabatem za e-fakturê;1;1;311.46;2;24;316.45;;;
1034;PELMAR;24;24;Dla Dwojga (z CANAL+ Super Sport);800;40;800;L Box;235;236;SMART L - 136 kana³ów. CANAL+ Super Sport;cena z rabatem za e-fakturê;1;1;271.56;2;24;276.55;;;
1035;PELMAR;24;24;Dla Dwojga (z CANAL+ Seriale i Filmy i HBO);800;40;800;L Box;235;236;SMART L - 136 kana³ów. CANAL+ Seriale i Filmy. HBO;cena z rabatem za e-fakturê;1;1;271.46;2;24;276.45;;;
1036;PELMAR;24;24;Dla Dwojga (z HBO);800;40;800;L Box;235;236;SMART L - 136 kana³ów. HBO;cena z rabatem za e-fakturê;1;1;248.46;2;24;253.45;;;
1037;PELMAR;12;12;Super Box;800;40;800;L Box;235;236;SMART L - 136 kana³ów;cena z rabatem za e-fakturê;1;1;235.56;2;12;240.55;;;
1038;PELMAR;12;12;Trzymaj z nami;800;40;800;L Box;235;236;SMART L - 136 kana³ów;cena z rabatem za e-fakturê;1;1;233.56;2;12;238.55;;;
1039;PELMAR;24;24;Dla Dwojga (z CANAL+ Seriale i Filmy);800;40;800;L Box;235;236;SMART L - 136 kana³ów. CANAL+ Seriale i Filmy;cena z rabatem za e-fakturê;1;1;231.56;2;24;236.55;;;
1040;PELMAR;24;24;Super Box;800;40;800;L Box;235;236;SMART L - 136 kana³ów;cena z rabatem za e-fakturê;1;1;225.56;2;24;230.55;;;
1041;PELMAR;24;24;Trzymaj z nami;800;40;800;L Box;235;236;SMART L - 136 kana³ów;cena z rabatem za e-fakturê;1;1;223.56;2;24;228.55;;;
1042;PELMAR;12;12;Super Box;120;10;120;XXL Box;255;256;SMART L - 136 kana³ów;"dostêpny dla Klientów posiadaj¹cych 
legitymacjê emeryta / rencisty
. cena z rabatem za e-fakturê";1;1;269.56;2;12;274.55;;;
1043;PELMAR;24;24;Super Box;120;10;120;XXL Box;255;256;SMART L - 136 kana³ów;cena z rabatem za e-fakturê;1;1;259.56;2;24;264.55;;;
1044;PELMAR;12;12;Trzymaj z nami;120;10;120;XXL Box;255;256;SMART L - 136 kana³ów;"dostêpny dla Klientów posiadaj¹cych 
legitymacjê emeryta / rencisty
. cena z rabatem za e-fakturê";1;1;259.56;2;12;264.55;;;
1045;PELMAR;24;24;Trzymaj z nami;120;10;120;XXL Box;255;256;SMART L - 136 kana³ów;cena z rabatem za e-fakturê;1;1;249.56;2;24;254.55;;;
1046;PELMAR;24;24;Dla Dwojga;120;10;120;XXL Box;255;256;SMART L - 136 kana³ów;"dostêpny dla Klientów posiadaj¹cych 
legitymacjê emeryta / rencisty
. cena z rabatem za e-fakturê";1;1;246.56;2;24;251.55;;;
1047;PELMAR;12;12;Super Box;300;15;300;XXL Box;255;256;SMART L - 136 kana³ów;cena z rabatem za e-fakturê;1;1;285.56;2;12;290.55;;;
1048;PELMAR;12;12;Trzymaj z nami;300;15;300;XXL Box;255;256;SMART L - 136 kana³ów;cena z rabatem za e-fakturê;1;1;278.56;2;12;283.55;;;
1049;PELMAR;24;24;Super Box;300;15;300;XXL Box;255;256;SMART L - 136 kana³ów;cena z rabatem za e-fakturê;1;1;275.56;2;24;280.55;;;
1050;PELMAR;24;24;Trzymaj z nami;300;15;300;XXL Box;255;256;SMART L - 136 kana³ów;cena z rabatem za e-fakturê;1;1;268.56;2;24;273.55;;;
1051;PELMAR;24;24;Dla Dwojga;300;15;300;XXL Box;255;256;SMART L - 136 kana³ów;cena z rabatem za e-fakturê;1;1;251.56;2;24;256.55;;;
1052;PELMAR;12;12;Super Box;650;30;650;XXL Box;255;256;SMART L - 136 kana³ów;cena z rabatem za e-fakturê;1;1;290.56;2;12;295.55;;;
1053;PELMAR;12;12;Trzymaj z nami;650;30;650;XXL Box;255;256;SMART L - 136 kana³ów;cena z rabatem za e-fakturê;1;1;283.56;2;12;288.55;;;
1054;PELMAR;24;24;Super Box;650;30;650;XXL Box;255;256;SMART L - 136 kana³ów;cena z rabatem za e-fakturê;1;1;280.56;2;24;285.55;;;
1055;PELMAR;24;24;Trzymaj z nami;650;30;650;XXL Box;255;256;SMART L - 136 kana³ów;cena z rabatem za e-fakturê;1;1;273.56;2;24;278.55;;;
1056;PELMAR;24;24;Dla Dwojga;650;30;650;XXL Box;255;256;SMART L - 136 kana³ów;cena z rabatem za e-fakturê;1;1;256.56;2;24;261.55;;;
1057;PELMAR;12;12;STOP EXTRA NET I TV;650;30;650;XXL Box;255;256;;cena z rabatem za e-fakturê;1;12;92.4;;;;;;
1058;PELMAR;12;12;Super Box;800;40;800;XXL Box;255;256;SMART L - 136 kana³ów;cena z rabatem za e-fakturê;1;1;321.56;2;12;326.55;;;
1059;PELMAR;12;12;Trzymaj z nami;800;40;800;XXL Box;255;256;SMART L - 136 kana³ów;cena z rabatem za e-fakturê;1;1;319.56;2;12;324.55;;;
1060;PELMAR;24;24;Super Box;800;40;800;XXL Box;255;256;SMART L - 136 kana³ów;cena z rabatem za e-fakturê;1;1;311.56;2;24;316.55;;;
1061;PELMAR;24;24;Trzymaj z nami;800;40;800;XXL Box;255;256;SMART L - 136 kana³ów;cena z rabatem za e-fakturê;1;1;309.56;2;24;314.55;;;
1062;PELMAR;24;24;Dla Dwojga;800;40;800;XXL Box;255;256;SMART L - 136 kana³ów;cena z rabatem za e-fakturê;1;1;292.56;2;24;297.55;;;
1063;PLASTCOM;24;24;copperDynamic + Telewizja;400;100;300;Pakiet Na Start HD;41;57;;;1;24;54.9;;;;;;
1064;PLASTCOM;24;24;copperDynamic + Telewizja;550;100;650;Pakiet Na Start HD;41;57;;;1;24;59.9;;;;;;
1065;PLASTCOM;24;24;copperDynamic + Telewizja;750;100;800;Pakiet Na Start HD;41;57;;;1;24;69.9;;;;;;
1066;PLASTCOM;24;24;fiberDynamic + Telewizja;800;100;800;Pakiet Na Start HD;41;57;;;1;24;65;;;;;;
1067;PLASTCOM;24;24;copperDynamic + Telewizja;850;100;800;Pakiet Na Start HD;41;57;;;1;24;89.9;;;;;;
1068;PLASTCOM;24;24;copperDynamic + Telewizja;950;100;800;Pakiet Na Start HD;41;57;;;1;24;99.9;;;;;;
1069;PLASTCOM;24;24;fiberDynamic + Telewizja;1000;100;800;Pakiet Na Start HD;41;57;;;1;24;75;;;;;;
1070;PLASTCOM;24;24;fiberDynamic + Telewizja;2000;100;800;Pakiet Na Start HD;41;57;;;1;24;105;;;;;;
1071;PLASTCOM;24;24;fiberDynamic + Telewizja;4000;100;800;Pakiet Na Start HD;41;57;;;1;24;135;;;;;;
1072;PLASTCOM;24;24;copperDynamic + Telewizja;400;100;300;Pakiet Podstawowy;78;57;;;1;24;64.9;;;;;;
1073;PLASTCOM;24;24;copperDynamic + Telewizja;400;100;300;Pakiet Na Start Plus HD;78;57;;;1;24;59.9;;;;;;
1074;PLASTCOM;24;24;copperDynamic + Telewizja;550;100;650;Pakiet Podstawowy;78;57;;;1;24;69.9;;;;;;
1075;PLASTCOM;24;24;copperDynamic + Telewizja;550;100;650;Pakiet Na Start Plus HD;78;57;;;1;24;64.9;;;;;;
1076;PLASTCOM;24;24;copperDynamic + Telewizja;750;100;800;Pakiet Podstawowy;78;57;;;1;24;79.9;;;;;;
1077;PLASTCOM;24;24;copperDynamic + Telewizja;750;100;800;Pakiet Na Start Plus HD;78;57;;;1;24;74.9;;;;;;
1078;PLASTCOM;24;24;fiberDynamic + Telewizja;800;100;800;Pakiet Podstawowy;78;57;;;1;24;75;;;;;;
1079;PLASTCOM;24;24;fiberDynamic + Telewizja;800;100;800;Pakiet Na Start Plus HD;78;57;;;1;24;70;;;;;;
1080;PLASTCOM;24;24;copperDynamic + Telewizja;850;100;800;Pakiet Podstawowy;78;57;;;1;24;99.9;;;;;;
1081;PLASTCOM;24;24;copperDynamic + Telewizja;850;100;800;Pakiet Na Start Plus HD;78;57;;;1;24;94.9;;;;;;
1082;PLASTCOM;24;24;copperDynamic + Telewizja;950;100;800;Pakiet Podstawowy;78;57;;;1;24;109.9;;;;;;
1083;PLASTCOM;24;24;copperDynamic + Telewizja;950;100;800;Pakiet Na Start Plus HD;78;57;;;1;24;104.9;;;;;;
1084;PLASTCOM;24;24;fiberDynamic + Telewizja;1000;100;800;Pakiet Podstawowy;78;57;;;1;24;85;;;;;;
1085;PLASTCOM;24;24;fiberDynamic + Telewizja;1000;100;800;Pakiet Na Start Plus HD;78;57;;;1;24;80;;;;;;
1086;PLASTCOM;24;24;fiberDynamic + Telewizja;2000;100;800;Pakiet Podstawowy;78;57;;;1;24;115;;;;;;
1087;PLASTCOM;24;24;fiberDynamic + Telewizja;2000;100;800;Pakiet Na Start Plus HD;78;57;;;1;24;110;;;;;;
1088;PLASTCOM;24;24;fiberDynamic + Telewizja;4000;100;800;Pakiet Podstawowy;78;57;;;1;24;145;;;;;;
1089;PLASTCOM;24;24;fiberDynamic + Telewizja;4000;100;800;Pakiet Na Start Plus HD;78;57;;;1;24;140;;;;;;
1090;PLASTCOM;24;24;copperDynamic + Telewizja;400;100;300;Pakiet Mikro;79;57;;;1;24;69.9;;;;;;
1091;PLASTCOM;24;24;copperDynamic + Telewizja;550;100;650;Pakiet Mikro;79;57;;;1;24;74.9;;;;;;
1092;PLASTCOM;24;24;copperDynamic + Telewizja;750;100;800;Pakiet Mikro;79;57;;;1;24;84.9;;;;;;
1093;PLASTCOM;24;24;fiberDynamic + Telewizja;800;100;800;Pakiet Mikro;79;57;;;1;24;80;;;;;;
1094;PLASTCOM;24;24;copperDynamic + Telewizja;850;100;800;Pakiet Mikro;79;57;;;1;24;104.9;;;;;;
1095;PLASTCOM;24;24;copperDynamic + Telewizja;950;100;800;Pakiet Mikro;79;57;;;1;24;114.9;;;;;;
1096;PLASTCOM;24;24;fiberDynamic + Telewizja;1000;100;800;Pakiet Mikro;79;57;;;1;24;90;;;;;;
1097;PLASTCOM;24;24;fiberDynamic + Telewizja;2000;100;800;Pakiet Mikro;79;57;;;1;24;120;;;;;;
1098;PLASTCOM;24;24;fiberDynamic + Telewizja;4000;100;800;Pakiet Mikro;79;57;;;1;24;150;;;;;;
1099;PLASTCOM;24;24;copperDynamic + Telewizja;400;100;300;Pakiet Korzystny;135;129;;;1;24;84.9;;;;;;
1100;PLASTCOM;24;24;copperDynamic + Telewizja;550;100;650;Pakiet Korzystny;135;129;;;1;24;89.9;;;;;;
1101;PLASTCOM;24;24;copperDynamic + Telewizja;750;100;800;Pakiet Korzystny;135;129;;;1;24;99.9;;;;;;
1102;PLASTCOM;24;24;fiberDynamic + Telewizja;800;100;800;Pakiet Korzystny;135;129;;;1;24;95;;;;;;
1103;PLASTCOM;24;24;copperDynamic + Telewizja;850;100;800;Pakiet Korzystny;135;129;;;1;24;119.9;;;;;;
1104;PLASTCOM;24;24;copperDynamic + Telewizja;950;100;800;Pakiet Korzystny;135;129;;;1;24;129.9;;;;;;
1105;PLASTCOM;24;24;fiberDynamic + Telewizja;1000;100;800;Pakiet Korzystny;135;129;;;1;24;105;;;;;;
1106;PLASTCOM;24;24;fiberDynamic + Telewizja;2000;100;800;Pakiet Korzystny;135;129;;;1;24;135;;;;;;
1107;PLASTCOM;24;24;fiberDynamic + Telewizja;4000;100;800;Pakiet Korzystny;135;129;;;1;24;165;;;;;;
1108;PLASTCOM;24;24;copperDynamic + Telewizja;400;100;300;Pakiet Wielotematyczny;159;184;;;1;24;92.9;;;;;;
1109;PLASTCOM;24;24;copperDynamic + Telewizja;550;100;650;Pakiet Wielotematyczny;159;184;;;1;24;97.9;;;;;;
1110;PLASTCOM;24;24;copperDynamic + Telewizja;750;100;800;Pakiet Wielotematyczny;159;184;;;1;24;107.9;;;;;;
1111;PLASTCOM;24;24;fiberDynamic + Telewizja;800;100;800;Pakiet Wielotematyczny;159;184;;;1;24;103;;;;;;
1112;PLASTCOM;24;24;copperDynamic + Telewizja;850;100;800;Pakiet Wielotematyczny;159;184;;;1;24;127.9;;;;;;
1113;PLASTCOM;24;24;copperDynamic + Telewizja;950;100;800;Pakiet Wielotematyczny;159;184;;;1;24;137.9;;;;;;
1114;PLASTCOM;24;24;fiberDynamic + Telewizja;1000;100;800;Pakiet Wielotematyczny;159;184;;;1;24;113;;;;;;
1115;PLASTCOM;24;24;fiberDynamic + Telewizja;2000;100;800;Pakiet Wielotematyczny;159;184;;;1;24;143;;;;;;
1116;PLASTCOM;24;24;fiberDynamic + Telewizja;4000;100;800;Pakiet Wielotematyczny;159;184;;;1;24;173;;;;;;
1117;PLASTCOM;24;24;copperDynamic + Telewizja;400;100;300;Pakiet Bogaty;177;184;;;1;24;94.9;;;;;;
1118;PLASTCOM;24;24;copperDynamic + Telewizja;550;100;650;Pakiet Bogaty;177;184;;;1;24;99.9;;;;;;
1119;PLASTCOM;24;24;copperDynamic + Telewizja;750;100;800;Pakiet Bogaty;177;184;;;1;24;109.9;;;;;;
1120;PLASTCOM;24;24;fiberDynamic + Telewizja;800;100;800;Pakiet Bogaty;177;184;;;1;24;105;;;;;;
1121;PLASTCOM;24;24;copperDynamic + Telewizja;850;100;800;Pakiet Bogaty;177;184;;;1;24;129.9;;;;;;
1122;PLASTCOM;24;24;copperDynamic + Telewizja;950;100;800;Pakiet Bogaty;177;184;;;1;24;139.9;;;;;;
1123;PLASTCOM;24;24;fiberDynamic + Telewizja;1000;100;800;Pakiet Bogaty;177;184;;;1;24;115;;;;;;
1124;PLASTCOM;24;24;fiberDynamic + Telewizja;2000;100;800;Pakiet Bogaty;177;184;;;1;24;145;;;;;;
1125;PLASTCOM;24;24;fiberDynamic + Telewizja;4000;100;800;Pakiet Bogaty;177;184;;;1;24;175;;;;;;
1126;PLAY;24;24;Internet i Telewizja Nowej Generacji;8000;2000;800;Telewizja Nowej Generacji;100;129;45 punktów do wykorzystania na streaming;cena z rabatami;1;12;60;13;24;200;;;
1127;PLAY;24;24;Internet i Telewizja MAX;300;100;300;MAX;217;236;Eleven Sports;cena z rabatami;1;24;80;;;;;;
1128;PLAY;24;24;Internet i Telewizja MAX;600;150;650;MAX;217;236;Eleven Sports;cena z rabatami;1;12;40;13;24;115;;;
1129;PLAY;24;24;Internet i Telewizja MAX;1000;300;800;MAX;229;236;Eleven Sports. Amazon Prime;cena z rabatami;1;12;40;13;24;125;;;
1130;PLAY;24;24;Internet i Telewizja Nowej Generacji;300;100;300;Telewizja Nowej Generacji;100;129;45 punktów do wykorzystania na streaming;cena z rabatami;1;24;100;;;;;;
1131;PLAY;24;24;Internet i Telewizja Nowej Generacji;600;150;650;Telewizja Nowej Generacji;100;129;45 punktów do wykorzystania na streaming;cena z rabatami;1;12;60;13;24;135;;;
1132;PLAY;24;24;Internet i Telewizja Nowej Generacji;1000;300;800;Telewizja Nowej Generacji;100;129;45 punktów do wykorzystania na streaming;cena z rabatami;1;12;60;13;24;145;;;
1133;PLAY;24;24;Internet i Telewizja Nowej Generacji;5000;;800;Telewizja Nowej Generacji;100;129;45 punktów do wykorzystania na streaming;cena z rabatami;1;12;60;13;24;160;;;
1134;PLAY;24;24;Internet i Telewizja MAX;5000;;800;MAX;217;236;Eleven Sports. Amazon Prime;cena z rabatami;1;12;40;13;24;140;;;
1135;PLAY;24;24;Internet i Telewizja MAX;8000;2000;800;MAX;229;236;Eleven Sports. Amazon Prime;cena z rabatami;1;12;40;13;24;180;;;
1136;PLUS;24;24;Internet i Telewizja;600;50;650;M;85;87;;cena z rabatami;1;24;80;;;;;;
1137;PLUS;24;24;Internet i Telewizja;1000;150;800;L;136;129;;cena z rabatami;1;24;120;;;;;;
1138;PRO_INTERNET;24;24;Internet i Telewizja;500;500;650;Pakiet PRIMUM;57;57;;;1;24;139;;;;;;
1139;PRO_INTERNET;24;24;Internet i Telewizja;2000;2000;800;Pakiet PRIMUM;57;57;;;1;24;189;;;;;;
1140;PRO_INTERNET;24;24;Internet i Telewizja;700;700;650;Pakiet MEDIUM;126;129;CANAL+ PRESTIGE;;1;24;199;;;;;;
1141;PRO_INTERNET;24;24;Internet i Telewizja;700;700;650;Pakiet MEDIUM;126;129;;;1;24;169;;;;;;
1142;PRO_INTERNET;24;24;Internet i Telewizja;4000;4000;800;Pakiet MEDIUM;126;129;CANAL+ PRESTIGE;;1;24;249;;;;;;
1143;PRO_INTERNET;24;24;Internet i Telewizja;4000;4000;800;Pakiet MEDIUM;126;129;;;1;24;219;;;;;;
1144;PRO_INTERNET;24;24;Internet i Telewizja;900;900;800;Pakiet OPTIMUM;142;129;CANAL+ PRESTIGE;;1;24;219;;;;;;
1145;PRO_INTERNET;24;24;Internet i Telewizja;900;900;800;Pakiet OPTIMUM;142;129;;;1;24;189;;;;;;
1146;PRO_INTERNET;24;24;Internet i Telewizja;6000;6000;800;Pakiet OPTIMUM;142;129;CANAL+ PRESTIGE;;1;24;269;;;;;;
1147;PRO_INTERNET;24;24;Internet i Telewizja;6000;6000;800;Pakiet OPTIMUM;142;129;;;1;24;239;;;;;;
1148;PROVECTOR;24;24;Internet i Telewizja;300;100;300;Pakiet Podstawowy;79;57;JAMBOX GO!;;1;24;79.99;;;;;;
1149;PROVECTOR;24;24;Internet i Telewizja;600;200;650;Pakiet Podstawowy;79;57;JAMBOX GO!;;1;24;99.99;;;;;;
1150;PROVECTOR;24;24;Internet i Telewizja;900;300;800;Pakiet Podstawowy;79;57;JAMBOX GO!;;1;24;109.99;;;;;;
1151;PROVECTOR;24;24;Internet i Telewizja;300;100;300;Pakiet Mini HD;128;129;JAMBOX GO!;;1;24;75;;;;;;
1152;PROVECTOR;24;24;Internet i Telewizja;600;200;650;Pakiet Mini HD;128;129;JAMBOX GO!;;1;24;100;;;;;;
1153;PROVECTOR;24;24;Internet i Telewizja;900;300;800;Pakiet Mini HD;128;129;JAMBOX GO!;;1;24;105;;;;;;
1154;PROVECTOR;24;24;Internet i Telewizja;600;100;650;Pakiet Korzystny;136;129;JAMBOX GO!;;1;24;99.99;;;;;;
1155;PROVECTOR;24;24;Internet i Telewizja;900;300;800;Pakiet Korzystny;136;129;JAMBOX GO!;;1;24;109.99;;;;;;
1156;PROVECTOR;24;24;Internet i Telewizja;600;200;650;Pakiet Wielotematyczny HD;161;184;JAMBOX GO!. Pakiet Filmbox HD;;1;24;100.99;;;;;;
1157;PROVECTOR;24;24;Internet i Telewizja;900;300;800;Pakiet Wielotematyczny HD;161;184;JAMBOX GO!. Pakiet Filmbox HD;;1;24;110.99;;;;;;
1158;PROVECTOR;24;24;Internet i Telewizja;600;200;650;Pakiet Wielotematyczny Super HD;173;184;JAMBOX GO!. Pakiet Filmbox HD;;1;24;129.99;;;;;;
1159;PROVECTOR;24;24;Internet i Telewizja;900;300;800;Pakiet Wielotematyczny Super HD;173;184;JAMBOX GO!. Pakiet Filmbox HD;;1;24;139.99;;;;;;
1160;PROVECTOR;24;24;Internet i Telewizja;600;200;650;Pakiet Bogaty;179;184;JAMBOX GO!;;1;24;115.99;;;;;;
1161;PROVECTOR;24;24;Internet i Telewizja;900;300;800;Pakiet Bogaty;179;184;JAMBOX GO!;;1;24;125.99;;;;;;
1162;RASTER_ISP;24;24;Internet + TV + Dodatki Blok(dom +15z);1 Gb/s;250 Mb/s;800;TV Startowy;19;57;Multiroom 1 (1 dodatkowy dekoder);;1;24;102.89;;;;;;
1163;RASTER_ISP;24;24;Internet + TV + Dodatki Blok(dom +15z);1 Gb/s;250 Mb/s;800;TV Startowy;19;57;Canal+ Mini (Premium + Film + Sport);;1;24;143.89;;;;;;
1164;RASTER_ISP;24;24;Internet + TV + Dodatki Blok(dom +15z);1 Gb/s;250 Mb/s;800;TV Startowy;19;57;Canal+ Maxi (Pe³ny Canal+ + Extra 1-7 + 4K);;1;24;168.89;;;;;;
1165;RASTER_ISP;24;24;Internet + TV Blok(dom dodatkowe 15z);1000 Mb/s;250 Mb/s;800;TV Startowy;19;57;;;1;24;99.89;;;;;;
1166;RASTER_ISP;24;24;Internet + TV Blok(dom dodatkowe 15z);2000 Mb/s;250 Mb/s;800;TV Startowy;19;57;;;1;24;114.9;;;;;;
1167;RASTER_ISP;24;24;Internet + TV Blok(dom dodatkowe 15z);300 Mb/s;100 Mb/s;300;TV Startowy;19;57;;;1;24;69.89;;;;;;
1168;RASTER_ISP;24;24;Internet + TV + Dodatki Blok(dom +15z);300 Mb/s;100 Mb/s;300;TV Startowy;19;57;Multiroom 1 (1 dodatkowy dekoder);;1;24;72.89;;;;;;
1169;RASTER_ISP;24;24;Internet + TV + Dodatki Blok(dom +15z);300 Mb/s;100 Mb/s;300;TV Startowy;19;57;Canal+ Mini (Premium + Film + Sport);;1;24;113.89;;;;;;
1170;RASTER_ISP;24;24;Internet + TV + Dodatki Blok(dom +15z);300 Mb/s;100 Mb/s;300;TV Startowy;19;57;Canal+ Maxi (Pe³ny Canal+ + Extra 1-7 + 4K);;1;24;138.89;;;;;;
1171;RASTER_ISP;24;24;Internet + TV Blok(dom dodatkowe 15z);600 Mb/s;150 Mb/s;600;TV Startowy;19;57;;;1;24;79.89;;;;;;
1172;RASTER_ISP;24;24;Internet + TV + Dodatki Blok(dom +15z);600 Mb/s;150 Mb/s;600;TV Startowy;19;57;Multiroom 1 (1 dodatkowy dekoder);;1;24;82.89;;;;;;
1173;RASTER_ISP;24;24;Internet + TV + Dodatki Blok(dom +15z);600 Mb/s;150 Mb/s;600;TV Startowy;19;57;Canal+ Mini (Premium + Film + Sport);;1;24;123.89;;;;;;
1174;RASTER_ISP;24;24;Internet + TV + Dodatki Blok(dom +15z);600 Mb/s;150 Mb/s;600;TV Startowy;19;57;Canal+ Maxi (Pe³ny Canal+ + Extra 1-7 + 4K);;1;24;148.89;;;;;;
1175;RASTER_ISP;24;24;Internet + TV Blok(dom dodatkowe 15z);800 Mb/s;200 Mb/s;800;TV Startowy;19;57;;;1;24;89.89;;;;;;
1176;RASTER_ISP;24;24;Internet + TV + Dodatki Blok(dom +15z);800 Mb/s;200 Mb/s;800;TV Startowy;19;57;Multiroom 1 (1 dodatkowy dekoder);;1;24;92.89;;;;;;
1177;RASTER_ISP;24;24;Internet + TV + Dodatki Blok(dom +15z);800 Mb/s;200 Mb/s;800;TV Startowy;19;57;Canal+ Mini (Premium + Film + Sport);;1;24;133.89;;;;;;
1178;RASTER_ISP;24;24;Internet + TV + Dodatki Blok(dom +15z);800 Mb/s;200 Mb/s;800;TV Startowy;19;57;Canal+ Maxi (Pe³ny Canal+ + Extra 1-7 + 4K);;1;24;158.89;;;;;;
1179;RASTER_ISP;24;24;Internet + TV + Dodatki Blok(dom +15z);1 Gb/s;250 Mb/s;800;TV Podstawowy;64;57;Multiroom 1 (1 dodatkowy dekoder);;1;24;127.89;;;;;;
1180;RASTER_ISP;24;24;Internet + TV + Dodatki Blok(dom +15z);1 Gb/s;250 Mb/s;800;TV Podstawowy;64;57;Canal+ Mini (Premium + Film + Sport);;1;24;168.89;;;;;;
1181;RASTER_ISP;24;24;Internet + TV + Dodatki Blok(dom +15z);1 Gb/s;250 Mb/s;800;TV Podstawowy;64;57;Canal+ Maxi (Pe³ny Canal+ + Extra 1-7 + 4K);;1;24;193.89;;;;;;
1182;RASTER_ISP;24;24;Internet + TV Blok(dom dodatkowe 15z);1000 Mb/s;250 Mb/s;800;TV Podstawowy;64;57;;;1;24;124.89;;;;;;
1183;RASTER_ISP;24;24;Internet + TV Blok(dom dodatkowe 15z);2000 Mb/s;250 Mb/s;800;TV Podstawowy;64;57;;;1;24;139.9;;;;;;
1184;RASTER_ISP;24;24;Internet + TV Blok(dom dodatkowe 15z);300 Mb/s;100 Mb/s;300;TV Podstawowy;64;57;;;1;24;94.89;;;;;;
1185;RASTER_ISP;24;24;Internet + TV + Dodatki Blok(dom +15z);300 Mb/s;100 Mb/s;300;TV Podstawowy;64;57;Multiroom 1 (1 dodatkowy dekoder);;1;24;97.89;;;;;;
1186;RASTER_ISP;24;24;Internet + TV + Dodatki Blok(dom +15z);300 Mb/s;100 Mb/s;300;TV Podstawowy;64;57;Canal+ Mini (Premium + Film + Sport);;1;24;138.89;;;;;;
1187;RASTER_ISP;24;24;Internet + TV + Dodatki Blok(dom +15z);300 Mb/s;100 Mb/s;300;TV Podstawowy;64;57;Canal+ Maxi (Pe³ny Canal+ + Extra 1-7 + 4K);;1;24;163.89;;;;;;
1188;RASTER_ISP;24;24;Internet + TV Blok(dom dodatkowe 15z);600 Mb/s;150 Mb/s;600;TV Podstawowy;64;57;;;1;24;104.89;;;;;;
1189;RASTER_ISP;24;24;Internet + TV + Dodatki Blok(dom +15z);600 Mb/s;150 Mb/s;600;TV Podstawowy;64;57;Multiroom 1 (1 dodatkowy dekoder);;1;24;107.89;;;;;;
1190;RASTER_ISP;24;24;Internet + TV + Dodatki Blok(dom +15z);600 Mb/s;150 Mb/s;600;TV Podstawowy;64;57;Canal+ Mini (Premium + Film + Sport);;1;24;148.89;;;;;;
1191;RASTER_ISP;24;24;Internet + TV + Dodatki Blok(dom +15z);600 Mb/s;150 Mb/s;600;TV Podstawowy;64;57;Canal+ Maxi (Pe³ny Canal+ + Extra 1-7 + 4K);;1;24;173.89;;;;;;
1192;RASTER_ISP;24;24;Internet + TV Blok(dom dodatkowe 15z);800 Mb/s;200 Mb/s;800;TV Podstawowy;64;57;;;1;24;114.89;;;;;;
1193;RASTER_ISP;24;24;Internet + TV + Dodatki Blok(dom +15z);800 Mb/s;200 Mb/s;800;TV Podstawowy;64;57;Multiroom 1 (1 dodatkowy dekoder);;1;24;117.89;;;;;;
1194;RASTER_ISP;24;24;Internet + TV + Dodatki Blok(dom +15z);800 Mb/s;200 Mb/s;800;TV Podstawowy;64;57;Canal+ Mini (Premium + Film + Sport);;1;24;158.89;;;;;;
1195;RASTER_ISP;24;24;Internet + TV + Dodatki Blok(dom +15z);800 Mb/s;200 Mb/s;800;TV Podstawowy;64;57;Canal+ Maxi (Pe³ny Canal+ + Extra 1-7 + 4K);;1;24;183.89;;;;;;
1196;RASTER_ISP;24;24;Internet + TV + Dodatki Blok(dom +15z);1 Gb/s;250 Mb/s;800;TV Wygodny;93;129;Multiroom 1 (1 dodatkowy dekoder);;1;24;147.89;;;;;;
1197;RASTER_ISP;24;24;Internet + TV + Dodatki Blok(dom +15z);1 Gb/s;250 Mb/s;800;TV Wygodny;93;129;Canal+ Mini (Premium + Film + Sport);;1;24;188.89;;;;;;
1198;RASTER_ISP;24;24;Internet + TV + Dodatki Blok(dom +15z);1 Gb/s;250 Mb/s;800;TV Wygodny;93;129;Canal+ Maxi (Pe³ny Canal+ + Extra 1-7 + 4K);;1;24;213.89;;;;;;
1199;RASTER_ISP;24;24;Internet + TV Blok(dom dodatkowe 15z);1000 Mb/s;250 Mb/s;800;TV Wygodny;93;129;;;1;24;144.89;;;;;;
1200;RASTER_ISP;24;24;Internet + TV Blok(dom dodatkowe 15z);2000 Mb/s;250 Mb/s;800;TV Wygodny;93;129;;;1;24;159.9;;;;;;
1201;RASTER_ISP;24;24;Internet + TV Blok(dom dodatkowe 15z);300 Mb/s;100 Mb/s;300;TV Wygodny;93;129;;;1;24;114.89;;;;;;
1202;RASTER_ISP;24;24;Internet + TV + Dodatki Blok(dom +15z);300 Mb/s;100 Mb/s;300;TV Wygodny;93;129;Multiroom 1 (1 dodatkowy dekoder);;1;24;117.89;;;;;;
1203;RASTER_ISP;24;24;Internet + TV + Dodatki Blok(dom +15z);300 Mb/s;100 Mb/s;300;TV Wygodny;93;129;Canal+ Mini (Premium + Film + Sport);;1;24;158.89;;;;;;
1204;RASTER_ISP;24;24;Internet + TV + Dodatki Blok(dom +15z);300 Mb/s;100 Mb/s;300;TV Wygodny;93;129;Canal+ Maxi (Pe³ny Canal+ + Extra 1-7 + 4K);;1;24;183.89;;;;;;
1205;RASTER_ISP;24;24;Internet + TV Blok(dom dodatkowe 15z);600 Mb/s;150 Mb/s;600;TV Wygodny;93;129;;;1;24;124.89;;;;;;
1206;RASTER_ISP;24;24;Internet + TV + Dodatki Blok(dom +15z);600 Mb/s;150 Mb/s;600;TV Wygodny;93;129;Multiroom 1 (1 dodatkowy dekoder);;1;24;127.89;;;;;;
1207;RASTER_ISP;24;24;Internet + TV + Dodatki Blok(dom +15z);600 Mb/s;150 Mb/s;600;TV Wygodny;93;129;Canal+ Mini (Premium + Film + Sport);;1;24;168.89;;;;;;
1208;RASTER_ISP;24;24;Internet + TV + Dodatki Blok(dom +15z);600 Mb/s;150 Mb/s;600;TV Wygodny;93;129;Canal+ Maxi (Pe³ny Canal+ + Extra 1-7 + 4K);;1;24;193.89;;;;;;
1209;RASTER_ISP;24;24;Internet + TV Blok(dom dodatkowe 15z);800 Mb/s;200 Mb/s;300;TV Wygodny;93;129;;;1;24;134.89;;;;;;
1210;RASTER_ISP;24;24;Internet + TV + Dodatki Blok(dom +15z);800 Mb/s;200 Mb/s;800;TV Wygodny;93;129;Multiroom 1 (1 dodatkowy dekoder);;1;24;137.89;;;;;;
1211;RASTER_ISP;24;24;Internet + TV + Dodatki Blok(dom +15z);800 Mb/s;200 Mb/s;800;TV Wygodny;93;129;Canal+ Mini (Premium + Film + Sport);;1;24;178.89;;;;;;
1212;RASTER_ISP;24;24;Internet + TV + Dodatki Blok(dom +15z);800 Mb/s;200 Mb/s;800;TV Wygodny;93;129;Canal+ Maxi (Pe³ny Canal+ + Extra 1-7 + 4K);;1;24;203.89;;;;;;
1213;RASTER_ISP;24;24;Internet + TV + Dodatki Blok(dom +15z);1 Gb/s;250 Mb/s;800;TV Luksusowy;122;129;Multiroom 1 (1 dodatkowy dekoder);;1;24;172.89;;;;;;
1214;RASTER_ISP;24;24;Internet + TV + Dodatki Blok(dom +15z);1 Gb/s;250 Mb/s;800;TV Luksusowy;122;129;Canal+ Mini (Premium + Film + Sport);;1;24;213.89;;;;;;
1215;RASTER_ISP;24;24;Internet + TV + Dodatki Blok(dom +15z);1 Gb/s;250 Mb/s;800;TV Luksusowy;122;129;Canal+ Maxi (Pe³ny Canal+ + Extra 1-7 + 4K);;1;24;238.89;;;;;;
1216;RASTER_ISP;24;24;Internet + TV Blok(dom dodatkowe 15z);1000 Mb/s;250 Mb/s;800;TV Luksusowy;122;129;;;1;24;169.89;;;;;;
1217;RASTER_ISP;24;24;Internet + TV + Dodatki Blok(dom +15z);2000 Mb/s;250 Mb/s;800;TV Luksusowy;122;129;;;1;24;184.9;;;;;;
1218;RASTER_ISP;24;24;Internet + TV Blok(dom dodatkowe 15z);300 Mb/s;100 Mb/s;300;TV Luksusowy;122;129;;;1;24;139.89;;;;;;
1219;RASTER_ISP;24;24;Internet + TV + Dodatki Blok(dom +15z);300 Mb/s;100 Mb/s;300;TV Luksusowy;122;129;Multiroom 1 (1 dodatkowy dekoder);;1;24;142.89;;;;;;
1220;RASTER_ISP;24;24;Internet + TV + Dodatki Blok(dom +15z);300 Mb/s;100 Mb/s;300;TV Luksusowy;122;129;Canal+ Mini (Premium + Film + Sport);;1;24;183.89;;;;;;
1221;RASTER_ISP;24;24;Internet + TV + Dodatki Blok(dom +15z);300 Mb/s;100 Mb/s;300;TV Luksusowy;122;129;Canal+ Maxi (Pe³ny Canal+ + Extra 1-7 + 4K);;1;24;208.89;;;;;;
1222;RASTER_ISP;24;24;Internet + TV Blok(dom dodatkowe 15z);600 Mb/s;150 Mb/s;600;TV Luksusowy;122;129;;;1;24;149.89;;;;;;
1223;RASTER_ISP;24;24;Internet + TV + Dodatki Blok(dom +15z);600 Mb/s;150 Mb/s;600;TV Luksusowy;122;129;Multiroom 1 (1 dodatkowy dekoder);;1;24;152.89;;;;;;
1224;RASTER_ISP;24;24;Internet + TV + Dodatki Blok(dom +15z);600 Mb/s;150 Mb/s;600;TV Luksusowy;122;129;Canal+ Mini (Premium + Film + Sport);;1;24;193.89;;;;;;
1225;RASTER_ISP;24;24;Internet + TV + Dodatki Blok(dom +15z);600 Mb/s;150 Mb/s;600;TV Luksusowy;122;129;Canal+ Maxi (Pe³ny Canal+ + Extra 1-7 + 4K);;1;24;218.89;;;;;;
1226;RASTER_ISP;24;24;Internet + TV Blok(dom dodatkowe 15z);800 Mb/s;200 Mb/s;600;TV Luksusowy;122;129;;;1;24;159.89;;;;;;
1227;RASTER_ISP;24;24;Internet + TV + Dodatki Blok(dom +15z);800 Mb/s;200 Mb/s;800;TV Luksusowy;122;129;Multiroom 1 (1 dodatkowy dekoder);;1;24;162.89;;;;;;
1228;RASTER_ISP;24;24;Internet + TV + Dodatki Blok(dom +15z);800 Mb/s;200 Mb/s;800;TV Luksusowy;122;129;Canal+ Mini (Premium + Film + Sport);;1;24;203.89;;;;;;
1229;RASTER_ISP;24;24;Internet + TV + Dodatki Blok(dom +15z);800 Mb/s;200 Mb/s;800;TV Luksusowy;122;129;Canal+ Maxi (Pe³ny Canal+ + Extra 1-7 + 4K);;1;24;228.89;;;;;;
1230;RFC;24;24;Internet i Telewizja;300;100;300;LUZ HD;123;129;;cena z rabatami;1;24;99;;;;;;
1231;RFC;24;24;Internet i Telewizja;300;100;300;KOMFORT+ HD;180;184;;cena z rabatami;1;24;128;;;;;;
1232;RFC;24;24;Internet i Telewizja;300;100;300;PRESTI¯ HD;212;236;;cena z rabatami;1;24;156;;;;;;
1233;RFC;24;24;Internet i Telewizja;300;100;300;MAX HD;248;256;;cena z rabatami;1;24;184;;;;;;
1234;TELKAB;23;24;Internet i Telewizja;300;100;300;Cyfrowy Start HD;56;57;;;1;23;79;;;;;;
1235;TELKAB;23;24;Internet i Telewizja;600;150;650;Cyfrowy Start HD;56;57;;;1;23;89;;;;;;
1236;TELKAB;23;24;Internet i Telewizja;300;100;300;Cyfrowy 1 HD;125;129;;;1;5;79;6;23;99;;;
1237;TELKAB;23;24;Internet i Telewizja;600;150;650;Cyfrowy 1 HD;125;129;;;1;5;89;6;23;109;;;
1238;TELKAB;23;24;Internet i Telewizja;300;100;300;Cyfrowy 2 HD;174;184;;;1;5;79;6;23;115;;;
1239;TELKAB;23;24;Internet i Telewizja;600;150;650;Cyfrowy 2 HD;174;184;;;1;5;89;6;23;125;;;
1240;TIMPLUS;12;12;Internet i Telewizja;300;30;300;Pakiet Dom HD;98;129;;;1;12;95;;;;;;
1241;TIMPLUS;12;12;Internet i Telewizja;600;60;650;Pakiet Dom HD;98;129;;;1;12;110;;;;;;
1242;TIMPLUS;12;12;Internet i Telewizja;1000;100;800;Pakiet Dom HD;98;129;;;1;12;120;;;;;;
1243;TIMPLUS;12;12;Internet i Telewizja;300;30;300;Pakiet Komfort HD;150;129;;;1;12;104;;;;;;
1244;TIMPLUS;12;12;Internet i Telewizja;600;60;650;Pakiet Komfort HD;150;129;;;1;12;119;;;;;;
1245;TIMPLUS;12;12;Internet i Telewizja;1000;100;800;Pakiet Komfort HD;150;129;;;1;12;129;;;;;;
1246;TIMPLUS;12;12;Internet i Telewizja;300;30;300;Pakiet Wiêcej HD;161;184;;;1;12;119;;;;;;
1247;TIMPLUS;12;12;Internet i Telewizja;600;60;650;Pakiet Wiêcej HD;161;184;;;1;12;134;;;;;;
1248;TIMPLUS;12;12;Internet i Telewizja;1000;100;800;Pakiet Wiêcej HD;161;184;;;1;12;144;;;;;;
1249;T-MOBILE;24;24;Internet i Telewizja;300;50;300;Magenta TV Midi;150;129;Abonament komórkowy;cena z rabatami;1;6;75;7;24;125;;;
1250;T-MOBILE;24;24;Internet i Telewizja;300;50;300;Magenta TV Midi;150;129;Abonament komórkowy;cena z rabatami;1;3;0;4;6;50;7;24;115
1251;T-MOBILE;24;24;Internet i Telewizja;900;300;800;Magenta TV Midi;150;129;Abonament komórkowy;cena z rabatami;1;6;95;7;24;145;;;
1252;T-MOBILE;24;24;Internet i Telewizja;900;300;800;Magenta TV Midi;150;129;Abonament komórkowy;cena z rabatami;1;3;20;4;6;145;7;24;135
1253;T-MOBILE;24;24;Internet i Telewizja;300;50;300;Magenta TV Maxi;207;184;Abonament komórkowy;cena z rabatami;1;6;75;7;24;155;;;
1254;T-MOBILE;24;24;Internet i Telewizja;300;50;300;Magenta TV Maxi;207;184;Abonament komórkowy;cena z rabatami;1;3;0;4;6;90;7;24;155
1255;T-MOBILE;24;24;Internet i Telewizja;900;300;800;Magenta TV Maxi;207;184;Abonament komórkowy;cena z rabatami;1;3;70;4;6;175;7;24;175
1256;T-MOBILE;24;24;Internet i Telewizja;900;300;800;Magenta TV Maxi;207;184;Abonament komórkowy;cena z rabatami;1;6;95;7;24;175;;;
1257;TYGRYS;999;999;Internet i Telewizja;500;400;650;Pakiet Na Start;53;57;;;1;999;120;;;;;;
1258;TYGRYS;12;12;Internet i Telewizja;500;400;650;Pakiet Na Start;53;57;;;1;12;110;;;;;;
1259;TYGRYS;999;999;Internet i Telewizja;500;200;650;Pakiet Na Start;53;57;;;1;999;110;;;;;;
1260;TYGRYS;12;12;Internet i Telewizja;500;200;650;Pakiet Na Start;53;57;;;1;12;100;;;;;;
1261;TYGRYS;999;999;Internet i Telewizja;500;100;650;Pakiet Na Start;53;57;;;1;999;100;;;;;;
1262;TYGRYS;24;24;Internet i Telewizja;500;400;650;Pakiet Na Start;53;57;;;1;2;0;3;24;100;;;
1263;TYGRYS;12;12;Internet i Telewizja;500;100;650;Pakiet Na Start;53;57;;;1;12;90;;;;;;
1264;TYGRYS;999;999;Internet i Telewizja;500;50;650;Pakiet Na Start;53;57;;;1;999;90;;;;;;
1265;TYGRYS;24;24;Internet i Telewizja;500;200;650;Pakiet Na Start;53;57;;;1;2;0;3;24;90;;;
1266;TYGRYS;12;12;Internet i Telewizja;500;50;650;Pakiet Na Start;53;57;;;1;12;80;;;;;;
1267;TYGRYS;24;24;Internet i Telewizja;500;100;650;Pakiet Na Start;53;57;;;1;2;0;3;24;80;;;
1268;TYGRYS;24;24;Internet i Telewizja;500;50;650;Pakiet Na Start;53;57;;;1;2;0;3;24;70;;;
1269;TYGRYS;999;999;Internet i Telewizja;700;400;650;Pakiet Na Start;53;57;;;1;999;130;;;;;;
1270;TYGRYS;12;12;Internet i Telewizja;700;400;650;Pakiet Na Start;53;57;;;1;12;120;;;;;;
1271;TYGRYS;999;999;Internet i Telewizja;700;200;650;Pakiet Na Start;53;57;;;1;999;120;;;;;;
1272;TYGRYS;12;12;Internet i Telewizja;700;200;650;Pakiet Na Start;53;57;;;1;12;110;;;;;;
1273;TYGRYS;999;999;Internet i Telewizja;700;100;650;Pakiet Na Start;53;57;;;1;999;110;;;;;;
1274;TYGRYS;24;24;Internet i Telewizja;700;400;650;Pakiet Na Start;53;57;;;1;2;0;3;24;110;;;
1275;TYGRYS;12;12;Internet i Telewizja;700;100;650;Pakiet Na Start;53;57;;;1;12;100;;;;;;
1276;TYGRYS;999;999;Internet i Telewizja;700;50;650;Pakiet Na Start;53;57;;;1;999;100;;;;;;
1277;TYGRYS;24;24;Internet i Telewizja;700;200;650;Pakiet Na Start;53;57;;;1;2;0;3;24;100;;;
1278;TYGRYS;12;12;Internet i Telewizja;700;50;650;Pakiet Na Start;53;57;;;1;12;90;;;;;;
1279;TYGRYS;24;24;Internet i Telewizja;700;100;650;Pakiet Na Start;53;57;;;1;2;0;3;24;90;;;
1280;TYGRYS;24;24;Internet i Telewizja;700;50;650;Pakiet Na Start;53;57;;;1;2;0;3;24;80;;;
1281;TYGRYS;999;999;Internet i Telewizja;1000;400;800;Pakiet Na Start;53;57;;;1;999;140;;;;;;
1282;TYGRYS;12;12;Internet i Telewizja;1000;400;800;Pakiet Na Start;53;57;;;1;12;130;;;;;;
1283;TYGRYS;999;999;Internet i Telewizja;1000;200;800;Pakiet Na Start;53;57;;;1;999;130;;;;;;
1284;TYGRYS;12;12;Internet i Telewizja;1000;200;800;Pakiet Na Start;53;57;;;1;12;120;;;;;;
1285;TYGRYS;999;999;Internet i Telewizja;1000;100;800;Pakiet Na Start;53;57;;;1;999;120;;;;;;
1286;TYGRYS;24;24;Internet i Telewizja;1000;400;800;Pakiet Na Start;53;57;;;1;2;0;3;24;120;;;
1287;TYGRYS;12;12;Internet i Telewizja;1000;100;800;Pakiet Na Start;53;57;;;1;12;110;;;;;;
1288;TYGRYS;999;999;Internet i Telewizja;1000;50;800;Pakiet Na Start;53;57;;;1;999;110;;;;;;
1289;TYGRYS;24;24;Internet i Telewizja;1000;200;800;Pakiet Na Start;53;57;;;1;2;0;3;24;110;;;
1290;TYGRYS;12;12;Internet i Telewizja;1000;50;800;Pakiet Na Start;53;57;;;1;12;100;;;;;;
1291;TYGRYS;24;24;Internet i Telewizja;1000;100;800;Pakiet Na Start;53;57;;;1;2;0;3;24;100;;;
1292;TYGRYS;24;24;Internet i Telewizja;1000;50;800;Pakiet Na Start;53;57;;;1;2;0;3;24;90;;;
1293;TYGRYS;999;999;Internet i Telewizja;2000;400;800;Pakiet Na Start;53;57;;;1;999;140;;;;;;
1294;TYGRYS;12;12;Internet i Telewizja;2000;400;800;Pakiet Na Start;53;57;;;1;12;130;;;;;;
1295;TYGRYS;999;999;Internet i Telewizja;2000;200;800;Pakiet Na Start;53;57;;;1;999;130;;;;;;
1296;TYGRYS;12;12;Internet i Telewizja;2000;200;800;Pakiet Na Start;53;57;;;1;12;120;;;;;;
1297;TYGRYS;999;999;Internet i Telewizja;2000;100;800;Pakiet Na Start;53;57;;;1;999;120;;;;;;
1298;TYGRYS;24;24;Internet i Telewizja;2000;400;800;Pakiet Na Start;53;57;;;1;2;0;3;24;120;;;
1299;TYGRYS;12;12;Internet i Telewizja;2000;100;800;Pakiet Na Start;53;57;;;1;12;110;;;;;;
1300;TYGRYS;999;999;Internet i Telewizja;2000;50;800;Pakiet Na Start;53;57;;;1;999;110;;;;;;
1301;TYGRYS;24;24;Internet i Telewizja;2000;200;800;Pakiet Na Start;53;57;;;1;2;0;3;24;110;;;
1302;TYGRYS;12;12;Internet i Telewizja;2000;50;800;Pakiet Na Start;53;57;;;1;12;100;;;;;;
1303;TYGRYS;24;24;Internet i Telewizja;2000;100;800;Pakiet Na Start;53;57;;;1;2;0;3;24;100;;;
1304;TYGRYS;24;24;Internet i Telewizja;2000;50;800;Pakiet Na Start;53;57;;;1;2;0;3;24;90;;;
1305;TYGRYS;999;999;Internet i Telewizja;500;400;650;Pakiet Mikro HD;75;57;;;1;999;125;;;;;;
1306;TYGRYS;12;12;Internet i Telewizja;500;400;650;Pakiet Mikro HD;75;57;;;1;12;115;;;;;;
1307;TYGRYS;999;999;Internet i Telewizja;500;200;650;Pakiet Mikro HD;75;57;;;1;999;115;;;;;;
1308;TYGRYS;12;12;Internet i Telewizja;500;200;650;Pakiet Mikro HD;75;57;;;1;12;105;;;;;;
1309;TYGRYS;999;999;Internet i Telewizja;500;100;650;Pakiet Mikro HD;75;57;;;1;999;105;;;;;;
1310;TYGRYS;24;24;Internet i Telewizja;500;400;650;Pakiet Mikro HD;75;57;;;1;2;0;3;24;105;;;
1311;TYGRYS;12;12;Internet i Telewizja;500;100;650;Pakiet Mikro HD;75;57;;;1;12;95;;;;;;
1312;TYGRYS;999;999;Internet i Telewizja;500;50;650;Pakiet Mikro HD;75;57;;;1;999;95;;;;;;
1313;TYGRYS;24;24;Internet i Telewizja;500;200;650;Pakiet Mikro HD;75;57;;;1;2;0;3;24;95;;;
1314;TYGRYS;12;12;Internet i Telewizja;500;50;650;Pakiet Mikro HD;75;57;;;1;12;85;;;;;;
1315;TYGRYS;24;24;Internet i Telewizja;500;100;650;Pakiet Mikro HD;75;57;;;1;2;0;3;24;85;;;
1316;TYGRYS;24;24;Internet i Telewizja;500;50;650;Pakiet Mikro HD;75;57;;;1;2;0;3;24;75;;;
1317;TYGRYS;999;999;Internet i Telewizja;700;400;650;Pakiet Mikro HD;75;57;;;1;999;135;;;;;;
1318;TYGRYS;12;12;Internet i Telewizja;700;400;650;Pakiet Mikro HD;75;57;;;1;12;125;;;;;;
1319;TYGRYS;999;999;Internet i Telewizja;700;200;650;Pakiet Mikro HD;75;57;;;1;999;125;;;;;;
1320;TYGRYS;12;12;Internet i Telewizja;700;200;650;Pakiet Mikro HD;75;57;;;1;12;115;;;;;;
1321;TYGRYS;999;999;Internet i Telewizja;700;100;650;Pakiet Mikro HD;75;57;;;1;999;115;;;;;;
1322;TYGRYS;24;24;Internet i Telewizja;700;400;650;Pakiet Mikro HD;75;57;;;1;2;0;3;24;115;;;
1323;TYGRYS;12;12;Internet i Telewizja;700;100;650;Pakiet Mikro HD;75;57;;;1;12;105;;;;;;
1324;TYGRYS;999;999;Internet i Telewizja;700;50;650;Pakiet Mikro HD;75;57;;;1;999;105;;;;;;
1325;TYGRYS;24;24;Internet i Telewizja;700;200;650;Pakiet Mikro HD;75;57;;;1;2;0;3;24;105;;;
1326;TYGRYS;12;12;Internet i Telewizja;700;50;650;Pakiet Mikro HD;75;57;;;1;12;95;;;;;;
1327;TYGRYS;24;24;Internet i Telewizja;700;100;650;Pakiet Mikro HD;75;57;;;1;2;0;3;24;95;;;
1328;TYGRYS;24;24;Internet i Telewizja;700;50;650;Pakiet Mikro HD;75;57;;;1;2;0;3;24;85;;;
1329;TYGRYS;999;999;Internet i Telewizja;1000;400;800;Pakiet Mikro HD;75;57;;;1;999;145;;;;;;
1330;TYGRYS;12;12;Internet i Telewizja;1000;400;800;Pakiet Mikro HD;75;57;;;1;12;135;;;;;;
1331;TYGRYS;999;999;Internet i Telewizja;1000;200;800;Pakiet Mikro HD;75;57;;;1;999;135;;;;;;
1332;TYGRYS;12;12;Internet i Telewizja;1000;200;800;Pakiet Mikro HD;75;57;;;1;12;125;;;;;;
1333;TYGRYS;999;999;Internet i Telewizja;1000;100;800;Pakiet Mikro HD;75;57;;;1;999;125;;;;;;
1334;TYGRYS;12;12;Internet i Telewizja;1000;100;800;Pakiet Mikro HD;75;57;;;1;12;115;;;;;;
1335;TYGRYS;999;999;Internet i Telewizja;1000;50;800;Pakiet Mikro HD;75;57;;;1;999;115;;;;;;
1336;TYGRYS;24;24;Internet i Telewizja;1000;400;800;Pakiet Mikro HD;75;57;;;1;2;0;3;24;125;;;
1337;TYGRYS;24;24;Internet i Telewizja;1000;200;800;Pakiet Mikro HD;75;57;;;1;2;0;3;24;115;;;
1338;TYGRYS;12;12;Internet i Telewizja;1000;50;800;Pakiet Mikro HD;75;57;;;1;12;105;;;;;;
1339;TYGRYS;24;24;Internet i Telewizja;1000;100;800;Pakiet Mikro HD;75;57;;;1;2;0;3;24;105;;;
1340;TYGRYS;24;24;Internet i Telewizja;1000;50;800;Pakiet Mikro HD;75;57;;;1;2;0;3;24;95;;;
1341;TYGRYS;999;999;Internet i Telewizja;2000;400;800;Pakiet Mikro HD;75;57;;;1;999;185;;;;;;
1342;TYGRYS;12;12;Internet i Telewizja;2000;400;800;Pakiet Mikro HD;75;57;;;1;12;175;;;;;;
1343;TYGRYS;999;999;Internet i Telewizja;2000;200;800;Pakiet Mikro HD;75;57;;;1;999;175;;;;;;
1344;TYGRYS;12;12;Internet i Telewizja;2000;200;800;Pakiet Mikro HD;75;57;;;1;12;165;;;;;;
1345;TYGRYS;999;999;Internet i Telewizja;2000;100;800;Pakiet Mikro HD;75;57;;;1;999;165;;;;;;
1346;TYGRYS;12;12;Internet i Telewizja;2000;100;800;Pakiet Mikro HD;75;57;;;1;12;155;;;;;;
1347;TYGRYS;999;999;Internet i Telewizja;2000;50;800;Pakiet Mikro HD;75;57;;;1;999;155;;;;;;
1348;TYGRYS;24;24;Internet i Telewizja;2000;400;800;Pakiet Mikro HD;75;57;;;1;2;0;3;24;165;;;
1349;TYGRYS;12;12;Internet i Telewizja;2000;50;800;Pakiet Mikro HD;75;57;;;1;12;145;;;;;;
1350;TYGRYS;24;24;Internet i Telewizja;2000;200;800;Pakiet Mikro HD;75;57;;;1;2;0;3;24;155;;;
1351;TYGRYS;24;24;Internet i Telewizja;2000;100;800;Pakiet Mikro HD;75;57;;;1;2;0;3;24;145;;;
1352;TYGRYS;24;24;Internet i Telewizja;2000;50;800;Pakiet Mikro HD;75;57;;;1;2;0;3;24;135;;;
1353;TYGRYS;999;999;Internet i Telewizja;500;400;650;Pakiet Podstawowy;78;57;;;1;999;130;;;;;;
1354;TYGRYS;12;12;Internet i Telewizja;500;400;650;Pakiet Podstawowy;78;57;;;1;12;120;;;;;;
1355;TYGRYS;999;999;Internet i Telewizja;500;200;650;Pakiet Podstawowy;78;57;;;1;999;120;;;;;;
1356;TYGRYS;12;12;Internet i Telewizja;500;200;650;Pakiet Podstawowy;78;57;;;1;12;110;;;;;;
1357;TYGRYS;999;999;Internet i Telewizja;500;100;650;Pakiet Podstawowy;78;57;;;1;999;110;;;;;;
1358;TYGRYS;24;24;Internet i Telewizja;500;400;650;Pakiet Podstawowy;78;57;;;1;2;0;3;24;110;;;
1359;TYGRYS;12;12;Internet i Telewizja;500;100;650;Pakiet Podstawowy;78;57;;;1;12;100;;;;;;
1360;TYGRYS;999;999;Internet i Telewizja;500;50;650;Pakiet Podstawowy;78;57;;;1;999;100;;;;;;
1361;TYGRYS;24;24;Internet i Telewizja;500;200;650;Pakiet Podstawowy;78;57;;;1;2;0;3;24;100;;;
1362;TYGRYS;12;12;Internet i Telewizja;500;50;650;Pakiet Podstawowy;78;57;;;1;12;90;;;;;;
1363;TYGRYS;24;24;Internet i Telewizja;500;100;650;Pakiet Podstawowy;78;57;;;1;2;0;3;24;90;;;
1364;TYGRYS;24;24;Internet i Telewizja;500;50;650;Pakiet Podstawowy;78;57;;;1;2;0;3;24;80;;;
1365;TYGRYS;999;999;Internet i Telewizja;700;400;650;Pakiet Podstawowy;78;57;;;1;999;140;;;;;;
1366;TYGRYS;12;12;Internet i Telewizja;700;400;650;Pakiet Podstawowy;78;57;;;1;12;130;;;;;;
1367;TYGRYS;999;999;Internet i Telewizja;700;200;650;Pakiet Podstawowy;78;57;;;1;999;130;;;;;;
1368;TYGRYS;12;12;Internet i Telewizja;700;200;650;Pakiet Podstawowy;78;57;;;1;12;120;;;;;;
1369;TYGRYS;999;999;Internet i Telewizja;700;100;650;Pakiet Podstawowy;78;57;;;1;999;120;;;;;;
1370;TYGRYS;24;24;Internet i Telewizja;700;400;650;Pakiet Podstawowy;78;57;;;1;2;0;3;24;120;;;
1371;TYGRYS;12;12;Internet i Telewizja;700;100;650;Pakiet Podstawowy;78;57;;;1;12;110;;;;;;
1372;TYGRYS;999;999;Internet i Telewizja;700;50;650;Pakiet Podstawowy;78;57;;;1;999;110;;;;;;
1373;TYGRYS;24;24;Internet i Telewizja;700;200;650;Pakiet Podstawowy;78;57;;;1;2;0;3;24;110;;;
1374;TYGRYS;12;12;Internet i Telewizja;700;50;650;Pakiet Podstawowy;78;57;;;1;12;100;;;;;;
1375;TYGRYS;24;24;Internet i Telewizja;700;100;650;Pakiet Podstawowy;78;57;;;1;2;0;3;24;100;;;
1376;TYGRYS;24;24;Internet i Telewizja;700;50;650;Pakiet Podstawowy;78;57;;;1;2;0;3;24;90;;;
1377;TYGRYS;999;999;Internet i Telewizja;1000;400;800;Pakiet Podstawowy;78;57;;;1;999;150;;;;;;
1378;TYGRYS;12;12;Internet i Telewizja;1000;400;800;Pakiet Podstawowy;78;57;;;1;12;140;;;;;;
1379;TYGRYS;999;999;Internet i Telewizja;1000;200;800;Pakiet Podstawowy;78;57;;;1;999;140;;;;;;
1380;TYGRYS;12;12;Internet i Telewizja;1000;200;800;Pakiet Podstawowy;78;57;;;1;12;130;;;;;;
1381;TYGRYS;999;999;Internet i Telewizja;1000;100;800;Pakiet Podstawowy;78;57;;;1;999;130;;;;;;
1382;TYGRYS;12;12;Internet i Telewizja;1000;100;800;Pakiet Podstawowy;78;57;;;1;12;120;;;;;;
1383;TYGRYS;999;999;Internet i Telewizja;1000;50;800;Pakiet Podstawowy;78;57;;;1;999;120;;;;;;
1384;TYGRYS;24;24;Internet i Telewizja;1000;400;800;Pakiet Podstawowy;78;57;;;1;2;0;3;24;130;;;
1385;TYGRYS;24;24;Internet i Telewizja;1000;200;800;Pakiet Podstawowy;78;57;;;1;2;0;3;24;120;;;
1386;TYGRYS;12;12;Internet i Telewizja;1000;50;800;Pakiet Podstawowy;78;57;;;1;12;110;;;;;;
1387;TYGRYS;24;24;Internet i Telewizja;1000;100;800;Pakiet Podstawowy;78;57;;;1;2;0;3;24;110;;;
1388;TYGRYS;24;24;Internet i Telewizja;1000;50;800;Pakiet Podstawowy;78;57;;;1;2;0;3;24;100;;;
1389;TYGRYS;999;999;Internet i Telewizja;2000;400;800;Pakiet Podstawowy;78;57;;;1;999;190;;;;;;
1390;TYGRYS;12;12;Internet i Telewizja;2000;400;800;Pakiet Podstawowy;78;57;;;1;12;180;;;;;;
1391;TYGRYS;999;999;Internet i Telewizja;2000;200;800;Pakiet Podstawowy;78;57;;;1;999;180;;;;;;
1392;TYGRYS;12;12;Internet i Telewizja;2000;200;800;Pakiet Podstawowy;78;57;;;1;12;170;;;;;;
1393;TYGRYS;999;999;Internet i Telewizja;2000;100;800;Pakiet Podstawowy;78;57;;;1;999;170;;;;;;
1394;TYGRYS;12;12;Internet i Telewizja;2000;100;800;Pakiet Podstawowy;78;57;;;1;12;160;;;;;;
1395;TYGRYS;999;999;Internet i Telewizja;2000;50;800;Pakiet Podstawowy;78;57;;;1;999;160;;;;;;
1396;TYGRYS;24;24;Internet i Telewizja;2000;400;800;Pakiet Podstawowy;78;57;;;1;2;0;3;24;170;;;
1397;TYGRYS;12;12;Internet i Telewizja;2000;50;800;Pakiet Podstawowy;78;57;;;1;12;150;;;;;;
1398;TYGRYS;24;24;Internet i Telewizja;2000;200;800;Pakiet Podstawowy;78;57;;;1;2;0;3;24;160;;;
1399;TYGRYS;24;24;Internet i Telewizja;2000;100;800;Pakiet Podstawowy;78;57;;;1;2;0;3;24;150;;;
1400;TYGRYS;24;24;Internet i Telewizja;2000;50;800;Pakiet Podstawowy;78;57;;;1;2;0;3;24;140;;;
1401;TYGRYS;999;999;Internet i Telewizja;500;400;650;Pakiet Luz;119;129;;;1;999;129;;;;;;
1402;TYGRYS;12;12;Internet i Telewizja;500;400;650;Pakiet Luz;119;129;;;1;12;119;;;;;;
1403;TYGRYS;999;999;Internet i Telewizja;500;200;650;Pakiet Luz;119;129;;;1;999;119;;;;;;
1404;TYGRYS;12;12;Internet i Telewizja;500;200;650;Pakiet Luz;119;129;;;1;12;109;;;;;;
1405;TYGRYS;999;999;Internet i Telewizja;500;100;650;Pakiet Luz;119;129;;;1;999;109;;;;;;
1406;TYGRYS;24;24;Internet i Telewizja;500;400;650;Pakiet Luz;119;129;;;1;2;0;3;24;109;;;
1407;TYGRYS;12;12;Internet i Telewizja;500;100;650;Pakiet Luz;119;129;;;1;12;99;;;;;;
1408;TYGRYS;999;999;Internet i Telewizja;500;50;650;Pakiet Luz;119;129;;;1;999;99;;;;;;
1409;TYGRYS;24;24;Internet i Telewizja;500;200;650;Pakiet Luz;119;129;;;1;2;0;3;24;99;;;
1410;TYGRYS;12;12;Internet i Telewizja;500;50;650;Pakiet Luz;119;129;;;1;12;89;;;;;;
1411;TYGRYS;24;24;Internet i Telewizja;500;100;650;Pakiet Luz;119;129;;;1;2;0;3;24;89;;;
1412;TYGRYS;24;24;Internet i Telewizja;500;50;650;Pakiet Luz;119;129;;;1;2;0;3;24;79;;;
1413;TYGRYS;999;999;Internet i Telewizja;700;400;650;Pakiet Luz;119;129;;;1;999;139;;;;;;
1414;TYGRYS;12;12;Internet i Telewizja;700;400;650;Pakiet Luz;119;129;;;1;12;129;;;;;;
1415;TYGRYS;999;999;Internet i Telewizja;700;200;650;Pakiet Luz;119;129;;;1;999;129;;;;;;
1416;TYGRYS;12;12;Internet i Telewizja;700;200;650;Pakiet Luz;119;129;;;1;12;119;;;;;;
1417;TYGRYS;999;999;Internet i Telewizja;700;100;650;Pakiet Luz;119;129;;;1;999;119;;;;;;
1418;TYGRYS;24;24;Internet i Telewizja;700;400;650;Pakiet Luz;119;129;;;1;2;0;3;24;119;;;
1419;TYGRYS;12;12;Internet i Telewizja;700;100;650;Pakiet Luz;119;129;;;1;12;109;;;;;;
1420;TYGRYS;999;999;Internet i Telewizja;700;50;650;Pakiet Luz;119;129;;;1;999;109;;;;;;
1421;TYGRYS;24;24;Internet i Telewizja;700;200;650;Pakiet Luz;119;129;;;1;2;0;3;24;109;;;
1422;TYGRYS;12;12;Internet i Telewizja;700;50;650;Pakiet Luz;119;129;;;1;12;99;;;;;;
1423;TYGRYS;24;24;Internet i Telewizja;700;100;650;Pakiet Luz;119;129;;;1;2;0;3;24;99;;;
1424;TYGRYS;24;24;Internet i Telewizja;700;50;650;Pakiet Luz;119;129;;;1;2;0;3;24;89;;;
1425;TYGRYS;999;999;Internet i Telewizja;1000;400;800;Pakiet Luz;119;129;;;1;999;149;;;;;;
1426;TYGRYS;12;12;Internet i Telewizja;1000;400;800;Pakiet Luz;119;129;;;1;12;139;;;;;;
1427;TYGRYS;999;999;Internet i Telewizja;1000;200;800;Pakiet Luz;119;129;;;1;999;139;;;;;;
1428;TYGRYS;12;12;Internet i Telewizja;1000;200;800;Pakiet Luz;119;129;;;1;12;129;;;;;;
1429;TYGRYS;999;999;Internet i Telewizja;1000;100;800;Pakiet Luz;119;129;;;1;999;129;;;;;;
1430;TYGRYS;12;12;Internet i Telewizja;1000;100;800;Pakiet Luz;119;129;;;1;12;119;;;;;;
1431;TYGRYS;999;999;Internet i Telewizja;1000;50;800;Pakiet Luz;119;129;;;1;999;119;;;;;;
1432;TYGRYS;24;24;Internet i Telewizja;1000;400;800;Pakiet Luz;119;129;;;1;2;0;3;24;129;;;
1433;TYGRYS;24;24;Internet i Telewizja;1000;200;800;Pakiet Luz;119;129;;;1;2;0;3;24;119;;;
1434;TYGRYS;12;12;Internet i Telewizja;1000;50;800;Pakiet Luz;119;129;;;1;12;109;;;;;;
1435;TYGRYS;24;24;Internet i Telewizja;1000;100;800;Pakiet Luz;119;129;;;1;2;0;3;24;109;;;
1436;TYGRYS;24;24;Internet i Telewizja;1000;50;800;Pakiet Luz;119;129;;;1;2;0;3;24;99;;;
1437;TYGRYS;999;999;Internet i Telewizja;2000;400;800;Pakiet Luz;119;129;;;1;999;189;;;;;;
1438;TYGRYS;12;12;Internet i Telewizja;2000;400;800;Pakiet Luz;119;129;;;1;12;179;;;;;;
1439;TYGRYS;999;999;Internet i Telewizja;2000;200;800;Pakiet Luz;119;129;;;1;999;179;;;;;;
1440;TYGRYS;12;12;Internet i Telewizja;2000;200;800;Pakiet Luz;119;129;;;1;12;169;;;;;;
1441;TYGRYS;999;999;Internet i Telewizja;2000;100;800;Pakiet Luz;119;129;;;1;999;169;;;;;;
1442;TYGRYS;12;12;Internet i Telewizja;2000;100;800;Pakiet Luz;119;129;;;1;12;159;;;;;;
1443;TYGRYS;999;999;Internet i Telewizja;2000;50;800;Pakiet Luz;119;129;;;1;999;159;;;;;;
1444;TYGRYS;24;24;Internet i Telewizja;2000;400;800;Pakiet Luz;119;129;;;1;2;0;3;24;169;;;
1445;TYGRYS;12;12;Internet i Telewizja;2000;50;800;Pakiet Luz;119;129;;;1;12;149;;;;;;
1446;TYGRYS;24;24;Internet i Telewizja;2000;200;800;Pakiet Luz;119;129;;;1;2;0;3;24;159;;;
1447;TYGRYS;24;24;Internet i Telewizja;2000;100;800;Pakiet Luz;119;129;;;1;2;0;3;24;149;;;
1448;TYGRYS;24;24;Internet i Telewizja;2000;50;800;Pakiet Luz;119;129;;;1;2;0;3;24;139;;;
1449;TYGRYS;999;999;Internet i Telewizja;500;400;650;Pakiet Korzystny;137;129;;;1;999;140;;;;;;
1450;TYGRYS;12;12;Internet i Telewizja;500;400;650;Pakiet Korzystny;137;129;;;1;12;130;;;;;;
1451;TYGRYS;999;999;Internet i Telewizja;500;200;650;Pakiet Korzystny;137;129;;;1;999;130;;;;;;
1452;TYGRYS;12;12;Internet i Telewizja;500;200;650;Pakiet Korzystny;137;129;;;1;12;120;;;;;;
1453;TYGRYS;999;999;Internet i Telewizja;500;100;650;Pakiet Korzystny;137;129;;;1;999;120;;;;;;
1454;TYGRYS;24;24;Internet i Telewizja;500;400;650;Pakiet Korzystny;137;129;;;1;2;0;3;24;120;;;
1455;TYGRYS;12;12;Internet i Telewizja;500;100;650;Pakiet Korzystny;137;129;;;1;12;110;;;;;;
1456;TYGRYS;999;999;Internet i Telewizja;500;50;650;Pakiet Korzystny;137;129;;;1;999;110;;;;;;
1457;TYGRYS;24;24;Internet i Telewizja;500;200;650;Pakiet Korzystny;137;129;;;1;2;0;3;24;110;;;
1458;TYGRYS;12;12;Internet i Telewizja;500;50;650;Pakiet Korzystny;137;129;;;1;12;100;;;;;;
1459;TYGRYS;24;24;Internet i Telewizja;500;100;650;Pakiet Korzystny;137;129;;;1;2;0;3;24;100;;;
1460;TYGRYS;24;24;Internet i Telewizja;500;50;650;Pakiet Korzystny;137;129;;;1;2;0;3;24;90;;;
1461;TYGRYS;999;999;Internet i Telewizja;700;400;650;Pakiet Korzystny;137;129;;;1;999;150;;;;;;
1462;TYGRYS;12;12;Internet i Telewizja;700;400;650;Pakiet Korzystny;137;129;;;1;12;140;;;;;;
1463;TYGRYS;999;999;Internet i Telewizja;700;200;650;Pakiet Korzystny;137;129;;;1;999;140;;;;;;
1464;TYGRYS;12;12;Internet i Telewizja;700;200;650;Pakiet Korzystny;137;129;;;1;12;130;;;;;;
1465;TYGRYS;999;999;Internet i Telewizja;700;100;650;Pakiet Korzystny;137;129;;;1;999;130;;;;;;
1466;TYGRYS;12;12;Internet i Telewizja;700;100;650;Pakiet Korzystny;137;129;;;1;12;120;;;;;;
1467;TYGRYS;999;999;Internet i Telewizja;700;50;650;Pakiet Korzystny;137;129;;;1;999;120;;;;;;
1468;TYGRYS;24;24;Internet i Telewizja;700;400;650;Pakiet Korzystny;137;129;;;1;2;0;3;24;130;;;
1469;TYGRYS;24;24;Internet i Telewizja;700;200;650;Pakiet Korzystny;137;129;;;1;2;0;3;24;120;;;
1470;TYGRYS;12;12;Internet i Telewizja;700;50;650;Pakiet Korzystny;137;129;;;1;12;110;;;;;;
1471;TYGRYS;24;24;Internet i Telewizja;700;100;650;Pakiet Korzystny;137;129;;;1;2;0;3;24;110;;;
1472;TYGRYS;24;24;Internet i Telewizja;700;50;650;Pakiet Korzystny;137;129;;;1;2;0;3;24;100;;;
1473;TYGRYS;999;999;Internet i Telewizja;1000;400;800;Pakiet Korzystny;137;129;;;1;999;160;;;;;;
1474;TYGRYS;12;12;Internet i Telewizja;1000;400;800;Pakiet Korzystny;137;129;;;1;12;150;;;;;;
1475;TYGRYS;999;999;Internet i Telewizja;1000;200;800;Pakiet Korzystny;137;129;;;1;999;150;;;;;;
1476;TYGRYS;12;12;Internet i Telewizja;1000;200;800;Pakiet Korzystny;137;129;;;1;12;140;;;;;;
1477;TYGRYS;999;999;Internet i Telewizja;1000;100;800;Pakiet Korzystny;137;129;;;1;999;140;;;;;;
1478;TYGRYS;12;12;Internet i Telewizja;1000;100;800;Pakiet Korzystny;137;129;;;1;12;130;;;;;;
1479;TYGRYS;999;999;Internet i Telewizja;1000;50;800;Pakiet Korzystny;137;129;;;1;999;130;;;;;;
1480;TYGRYS;24;24;Internet i Telewizja;1000;400;800;Pakiet Korzystny;137;129;;;1;2;0;3;24;140;;;
1481;TYGRYS;12;12;Internet i Telewizja;1000;50;800;Pakiet Korzystny;137;129;;;1;12;120;;;;;;
1482;TYGRYS;24;24;Internet i Telewizja;1000;200;800;Pakiet Korzystny;137;129;;;1;2;0;3;24;130;;;
1483;TYGRYS;24;24;Internet i Telewizja;1000;100;800;Pakiet Korzystny;137;129;;;1;2;0;3;24;120;;;
1484;TYGRYS;24;24;Internet i Telewizja;1000;50;800;Pakiet Korzystny;137;129;;;1;2;0;3;24;110;;;
1485;TYGRYS;999;999;Internet i Telewizja;2000;400;800;Pakiet Korzystny;137;129;;;1;999;200;;;;;;
1486;TYGRYS;12;12;Internet i Telewizja;2000;400;800;Pakiet Korzystny;137;129;;;1;12;190;;;;;;
1487;TYGRYS;999;999;Internet i Telewizja;2000;200;800;Pakiet Korzystny;137;129;;;1;999;190;;;;;;
1488;TYGRYS;12;12;Internet i Telewizja;2000;200;800;Pakiet Korzystny;137;129;;;1;12;180;;;;;;
1489;TYGRYS;999;999;Internet i Telewizja;2000;100;800;Pakiet Korzystny;137;129;;;1;999;180;;;;;;
1490;TYGRYS;12;12;Internet i Telewizja;2000;100;800;Pakiet Korzystny;137;129;;;1;12;170;;;;;;
1491;TYGRYS;999;999;Internet i Telewizja;2000;50;800;Pakiet Korzystny;137;129;;;1;999;170;;;;;;
1492;TYGRYS;24;24;Internet i Telewizja;2000;400;800;Pakiet Korzystny;137;129;;;1;2;0;3;24;180;;;
1493;TYGRYS;12;12;Internet i Telewizja;2000;50;800;Pakiet Korzystny;137;129;;;1;12;160;;;;;;
1494;TYGRYS;24;24;Internet i Telewizja;2000;200;800;Pakiet Korzystny;137;129;;;1;2;0;3;24;170;;;
1495;TYGRYS;24;24;Internet i Telewizja;2000;100;800;Pakiet Korzystny;137;129;;;1;2;0;3;24;160;;;
1496;TYGRYS;24;24;Internet i Telewizja;2000;50;800;Pakiet Korzystny;137;129;;;1;2;0;3;24;150;;;
1497;TYGRYS;999;999;Internet i Telewizja;500;400;650;Pakiet Komfort;140;129;;;1;999;139;;;;;;
1498;TYGRYS;12;12;Internet i Telewizja;500;400;650;Pakiet Komfort;140;129;;;1;12;129;;;;;;
1499;TYGRYS;999;999;Internet i Telewizja;500;200;650;Pakiet Komfort;140;129;;;1;999;129;;;;;;
1500;TYGRYS;12;12;Internet i Telewizja;500;200;650;Pakiet Komfort;140;129;;;1;12;119;;;;;;
1501;TYGRYS;999;999;Internet i Telewizja;500;100;650;Pakiet Komfort;140;129;;;1;999;119;;;;;;
1502;TYGRYS;24;24;Internet i Telewizja;500;400;650;Pakiet Komfort;140;129;;;1;2;0;3;24;119;;;
1503;TYGRYS;12;12;Internet i Telewizja;500;100;650;Pakiet Komfort;140;129;;;1;12;109;;;;;;
1504;TYGRYS;999;999;Internet i Telewizja;500;50;650;Pakiet Komfort;140;129;;;1;999;109;;;;;;
1505;TYGRYS;24;24;Internet i Telewizja;500;200;650;Pakiet Komfort;140;129;;;1;2;0;3;24;109;;;
1506;TYGRYS;12;12;Internet i Telewizja;500;50;650;Pakiet Komfort;140;129;;;1;12;99;;;;;;
1507;TYGRYS;24;24;Internet i Telewizja;500;100;650;Pakiet Komfort;140;129;;;1;2;0;3;24;99;;;
1508;TYGRYS;24;24;Internet i Telewizja;500;50;650;Pakiet Komfort;140;129;;;1;2;0;3;24;89;;;
1509;TYGRYS;999;999;Internet i Telewizja;700;400;650;Pakiet Komfort;140;129;;;1;999;149;;;;;;
1510;TYGRYS;12;12;Internet i Telewizja;700;400;650;Pakiet Komfort;140;129;;;1;12;139;;;;;;
1511;TYGRYS;999;999;Internet i Telewizja;700;200;650;Pakiet Komfort;140;129;;;1;999;139;;;;;;
1512;TYGRYS;12;12;Internet i Telewizja;700;200;650;Pakiet Komfort;140;129;;;1;12;129;;;;;;
1513;TYGRYS;999;999;Internet i Telewizja;700;100;650;Pakiet Komfort;140;129;;;1;999;129;;;;;;
1514;TYGRYS;12;12;Internet i Telewizja;700;100;650;Pakiet Komfort;140;129;;;1;12;119;;;;;;
1515;TYGRYS;999;999;Internet i Telewizja;700;50;650;Pakiet Komfort;140;129;;;1;999;119;;;;;;
1516;TYGRYS;24;24;Internet i Telewizja;700;400;650;Pakiet Komfort;140;129;;;1;2;0;3;24;129;;;
1517;TYGRYS;24;24;Internet i Telewizja;700;200;650;Pakiet Komfort;140;129;;;1;2;0;3;24;119;;;
1518;TYGRYS;12;12;Internet i Telewizja;700;50;650;Pakiet Komfort;140;129;;;1;12;109;;;;;;
1519;TYGRYS;24;24;Internet i Telewizja;700;100;650;Pakiet Komfort;140;129;;;1;2;0;3;24;109;;;
1520;TYGRYS;24;24;Internet i Telewizja;700;50;650;Pakiet Komfort;140;129;;;1;2;0;3;24;99;;;
1521;TYGRYS;999;999;Internet i Telewizja;1000;400;800;Pakiet Komfort;140;129;;;1;999;159;;;;;;
1522;TYGRYS;12;12;Internet i Telewizja;1000;400;800;Pakiet Komfort;140;129;;;1;12;149;;;;;;
1523;TYGRYS;999;999;Internet i Telewizja;1000;200;800;Pakiet Komfort;140;129;;;1;999;149;;;;;;
1524;TYGRYS;12;12;Internet i Telewizja;1000;200;800;Pakiet Komfort;140;129;;;1;12;139;;;;;;
1525;TYGRYS;999;999;Internet i Telewizja;1000;100;800;Pakiet Komfort;140;129;;;1;999;139;;;;;;
1526;TYGRYS;12;12;Internet i Telewizja;1000;100;800;Pakiet Komfort;140;129;;;1;12;129;;;;;;
1527;TYGRYS;999;999;Internet i Telewizja;1000;50;800;Pakiet Komfort;140;129;;;1;999;129;;;;;;
1528;TYGRYS;24;24;Internet i Telewizja;1000;400;800;Pakiet Komfort;140;129;;;1;2;0;3;24;139;;;
1529;TYGRYS;12;12;Internet i Telewizja;1000;50;800;Pakiet Komfort;140;129;;;1;12;119;;;;;;
1530;TYGRYS;24;24;Internet i Telewizja;1000;200;800;Pakiet Komfort;140;129;;;1;2;0;3;24;129;;;
1531;TYGRYS;24;24;Internet i Telewizja;1000;100;800;Pakiet Komfort;140;129;;;1;2;0;3;24;119;;;
1532;TYGRYS;24;24;Internet i Telewizja;1000;50;800;Pakiet Komfort;140;129;;;1;2;0;3;24;109;;;
1533;TYGRYS;999;999;Internet i Telewizja;2000;400;800;Pakiet Komfort;140;129;;;1;999;199;;;;;;
1534;TYGRYS;12;12;Internet i Telewizja;2000;400;800;Pakiet Komfort;140;129;;;1;12;189;;;;;;
1535;TYGRYS;999;999;Internet i Telewizja;2000;200;800;Pakiet Komfort;140;129;;;1;999;189;;;;;;
1536;TYGRYS;12;12;Internet i Telewizja;2000;200;800;Pakiet Komfort;140;129;;;1;12;179;;;;;;
1537;TYGRYS;999;999;Internet i Telewizja;2000;100;800;Pakiet Komfort;140;129;;;1;999;179;;;;;;
1538;TYGRYS;12;12;Internet i Telewizja;2000;100;800;Pakiet Komfort;140;129;;;1;12;169;;;;;;
1539;TYGRYS;999;999;Internet i Telewizja;2000;50;800;Pakiet Komfort;140;129;;;1;999;169;;;;;;
1540;TYGRYS;24;24;Internet i Telewizja;2000;400;800;Pakiet Komfort;140;129;;;1;2;0;3;24;179;;;
1541;TYGRYS;12;12;Internet i Telewizja;2000;50;800;Pakiet Komfort;140;129;;;1;12;159;;;;;;
1542;TYGRYS;24;24;Internet i Telewizja;2000;200;800;Pakiet Komfort;140;129;;;1;2;0;3;24;169;;;
1543;TYGRYS;24;24;Internet i Telewizja;2000;100;800;Pakiet Komfort;140;129;;;1;2;0;3;24;159;;;
1544;TYGRYS;24;24;Internet i Telewizja;2000;50;800;Pakiet Komfort;140;129;;;1;2;0;3;24;149;;;
1545;TYGRYS;999;999;Internet i Telewizja;500;400;650;Pakiet Mini HD;142;129;;;1;999;135;;;;;;
1546;TYGRYS;12;12;Internet i Telewizja;500;400;650;Pakiet Mini HD;142;129;;;1;12;125;;;;;;
1547;TYGRYS;999;999;Internet i Telewizja;500;200;650;Pakiet Mini HD;142;129;;;1;999;125;;;;;;
1548;TYGRYS;12;12;Internet i Telewizja;500;200;650;Pakiet Mini HD;142;129;;;1;12;115;;;;;;
1549;TYGRYS;999;999;Internet i Telewizja;500;100;650;Pakiet Mini HD;142;129;;;1;999;115;;;;;;
1550;TYGRYS;24;24;Internet i Telewizja;500;400;650;Pakiet Mini HD;142;129;;;1;2;0;3;24;115;;;
1551;TYGRYS;12;12;Internet i Telewizja;500;100;650;Pakiet Mini HD;142;129;;;1;12;105;;;;;;
1552;TYGRYS;999;999;Internet i Telewizja;500;50;650;Pakiet Mini HD;142;129;;;1;999;105;;;;;;
1553;TYGRYS;24;24;Internet i Telewizja;500;200;650;Pakiet Mini HD;142;129;;;1;2;0;3;24;105;;;
1554;TYGRYS;12;12;Internet i Telewizja;500;50;650;Pakiet Mini HD;142;129;;;1;12;95;;;;;;
1555;TYGRYS;24;24;Internet i Telewizja;500;100;650;Pakiet Mini HD;142;129;;;1;2;0;3;24;95;;;
1556;TYGRYS;24;24;Internet i Telewizja;500;50;650;Pakiet Mini HD;142;129;;;1;2;0;3;24;85;;;
1557;TYGRYS;999;999;Internet i Telewizja;700;400;650;Pakiet Mini HD;142;129;;;1;999;145;;;;;;
1558;TYGRYS;12;12;Internet i Telewizja;700;400;650;Pakiet Mini HD;142;129;;;1;12;135;;;;;;
1559;TYGRYS;999;999;Internet i Telewizja;700;200;650;Pakiet Mini HD;142;129;;;1;999;135;;;;;;
1560;TYGRYS;12;12;Internet i Telewizja;700;200;650;Pakiet Mini HD;142;129;;;1;12;125;;;;;;
1561;TYGRYS;999;999;Internet i Telewizja;700;100;650;Pakiet Mini HD;142;129;;;1;999;125;;;;;;
1562;TYGRYS;12;12;Internet i Telewizja;700;100;650;Pakiet Mini HD;142;129;;;1;12;115;;;;;;
1563;TYGRYS;999;999;Internet i Telewizja;700;50;650;Pakiet Mini HD;142;129;;;1;999;115;;;;;;
1564;TYGRYS;24;24;Internet i Telewizja;700;400;650;Pakiet Mini HD;142;129;;;1;2;0;3;24;125;;;
1565;TYGRYS;24;24;Internet i Telewizja;700;200;650;Pakiet Mini HD;142;129;;;1;2;0;3;24;115;;;
1566;TYGRYS;12;12;Internet i Telewizja;700;50;650;Pakiet Mini HD;142;129;;;1;12;105;;;;;;
1567;TYGRYS;24;24;Internet i Telewizja;700;100;650;Pakiet Mini HD;142;129;;;1;2;0;3;24;105;;;
1568;TYGRYS;24;24;Internet i Telewizja;700;50;650;Pakiet Mini HD;142;129;;;1;2;0;3;24;95;;;
1569;TYGRYS;999;999;Internet i Telewizja;1000;400;800;Pakiet Mini HD;142;129;;;1;999;155;;;;;;
1570;TYGRYS;12;12;Internet i Telewizja;1000;400;800;Pakiet Mini HD;142;129;;;1;12;145;;;;;;
1571;TYGRYS;999;999;Internet i Telewizja;1000;200;800;Pakiet Mini HD;142;129;;;1;999;145;;;;;;
1572;TYGRYS;12;12;Internet i Telewizja;1000;200;800;Pakiet Mini HD;142;129;;;1;12;135;;;;;;
1573;TYGRYS;999;999;Internet i Telewizja;1000;100;800;Pakiet Mini HD;142;129;;;1;999;135;;;;;;
1574;TYGRYS;12;12;Internet i Telewizja;1000;100;800;Pakiet Mini HD;142;129;;;1;12;125;;;;;;
1575;TYGRYS;999;999;Internet i Telewizja;1000;50;800;Pakiet Mini HD;142;129;;;1;999;125;;;;;;
1576;TYGRYS;24;24;Internet i Telewizja;1000;400;800;Pakiet Mini HD;142;129;;;1;2;0;3;24;135;;;
1577;TYGRYS;12;12;Internet i Telewizja;1000;50;800;Pakiet Mini HD;142;129;;;1;12;115;;;;;;
1578;TYGRYS;24;24;Internet i Telewizja;1000;200;800;Pakiet Mini HD;142;129;;;1;2;0;3;24;125;;;
1579;TYGRYS;24;24;Internet i Telewizja;1000;100;800;Pakiet Mini HD;142;129;;;1;2;0;3;24;115;;;
1580;TYGRYS;24;24;Internet i Telewizja;1000;50;800;Pakiet Mini HD;142;129;;;1;2;0;3;24;105;;;
1581;TYGRYS;999;999;Internet i Telewizja;2000;400;800;Pakiet Mini HD;142;129;;;1;999;195;;;;;;
1582;TYGRYS;12;12;Internet i Telewizja;2000;400;800;Pakiet Mini HD;142;129;;;1;12;185;;;;;;
1583;TYGRYS;999;999;Internet i Telewizja;2000;200;800;Pakiet Mini HD;142;129;;;1;999;185;;;;;;
1584;TYGRYS;12;12;Internet i Telewizja;2000;200;800;Pakiet Mini HD;142;129;;;1;12;175;;;;;;
1585;TYGRYS;999;999;Internet i Telewizja;2000;100;800;Pakiet Mini HD;142;129;;;1;999;175;;;;;;
1586;TYGRYS;12;12;Internet i Telewizja;2000;100;800;Pakiet Mini HD;142;129;;;1;12;165;;;;;;
1587;TYGRYS;999;999;Internet i Telewizja;2000;50;800;Pakiet Mini HD;142;129;;;1;999;165;;;;;;
1588;TYGRYS;24;24;Internet i Telewizja;2000;400;800;Pakiet Mini HD;142;129;;;1;2;0;3;24;175;;;
1589;TYGRYS;12;12;Internet i Telewizja;2000;50;800;Pakiet Mini HD;142;129;;;1;12;155;;;;;;
1590;TYGRYS;24;24;Internet i Telewizja;2000;200;800;Pakiet Mini HD;142;129;;;1;2;0;3;24;165;;;
1591;TYGRYS;24;24;Internet i Telewizja;2000;100;800;Pakiet Mini HD;142;129;;;1;2;0;3;24;155;;;
1592;TYGRYS;24;24;Internet i Telewizja;2000;50;800;Pakiet Mini HD;142;129;;;1;2;0;3;24;145;;;
1593;TYGRYS;999;999;Internet i Telewizja;500;400;650;Pakiet Bogaty;179;184;;;1;999;150;;;;;;
1594;TYGRYS;12;12;Internet i Telewizja;500;400;650;Pakiet Bogaty;179;184;;;1;12;140;;;;;;
1595;TYGRYS;999;999;Internet i Telewizja;500;200;650;Pakiet Bogaty;179;184;;;1;999;140;;;;;;
1596;TYGRYS;12;12;Internet i Telewizja;500;200;650;Pakiet Bogaty;179;184;;;1;12;130;;;;;;
1597;TYGRYS;999;999;Internet i Telewizja;500;100;650;Pakiet Bogaty;179;184;;;1;999;130;;;;;;
1598;TYGRYS;12;12;Internet i Telewizja;500;100;650;Pakiet Bogaty;179;184;;;1;12;120;;;;;;
1599;TYGRYS;999;999;Internet i Telewizja;500;50;650;Pakiet Bogaty;179;184;;;1;999;120;;;;;;
1600;TYGRYS;24;24;Internet i Telewizja;500;400;650;Pakiet Bogaty;179;184;;;1;2;0;3;24;130;;;
1601;TYGRYS;24;24;Internet i Telewizja;500;200;650;Pakiet Bogaty;179;184;;;1;2;0;3;24;120;;;
1602;TYGRYS;12;12;Internet i Telewizja;500;50;650;Pakiet Bogaty;179;184;;;1;12;110;;;;;;
1603;TYGRYS;24;24;Internet i Telewizja;500;100;650;Pakiet Bogaty;179;184;;;1;2;0;3;24;110;;;
1604;TYGRYS;24;24;Internet i Telewizja;500;50;650;Pakiet Bogaty;179;184;;;1;2;0;3;24;100;;;
1605;TYGRYS;999;999;Internet i Telewizja;700;400;650;Pakiet Bogaty;179;184;;;1;999;160;;;;;;
1606;TYGRYS;12;12;Internet i Telewizja;700;400;650;Pakiet Bogaty;179;184;;;1;12;150;;;;;;
1607;TYGRYS;999;999;Internet i Telewizja;700;200;650;Pakiet Bogaty;179;184;;;1;999;150;;;;;;
1608;TYGRYS;12;12;Internet i Telewizja;700;200;650;Pakiet Bogaty;179;184;;;1;12;140;;;;;;
1609;TYGRYS;999;999;Internet i Telewizja;700;100;650;Pakiet Bogaty;179;184;;;1;999;140;;;;;;
1610;TYGRYS;12;12;Internet i Telewizja;700;100;650;Pakiet Bogaty;179;184;;;1;12;130;;;;;;
1611;TYGRYS;999;999;Internet i Telewizja;700;50;650;Pakiet Bogaty;179;184;;;1;999;130;;;;;;
1612;TYGRYS;24;24;Internet i Telewizja;700;400;650;Pakiet Bogaty;179;184;;;1;2;0;3;24;140;;;
1613;TYGRYS;12;12;Internet i Telewizja;700;50;650;Pakiet Bogaty;179;184;;;1;12;120;;;;;;
1614;TYGRYS;24;24;Internet i Telewizja;700;200;650;Pakiet Bogaty;179;184;;;1;2;0;3;24;130;;;
1615;TYGRYS;24;24;Internet i Telewizja;700;100;650;Pakiet Bogaty;179;184;;;1;2;0;3;24;120;;;
1616;TYGRYS;24;24;Internet i Telewizja;700;50;650;Pakiet Bogaty;179;184;;;1;2;0;3;24;110;;;
1617;TYGRYS;999;999;Internet i Telewizja;1000;400;800;Pakiet Bogaty;179;184;;;1;999;170;;;;;;
1618;TYGRYS;12;12;Internet i Telewizja;1000;400;800;Pakiet Bogaty;179;184;;;1;12;160;;;;;;
1619;TYGRYS;999;999;Internet i Telewizja;1000;200;800;Pakiet Bogaty;179;184;;;1;999;160;;;;;;
1620;TYGRYS;12;12;Internet i Telewizja;1000;200;800;Pakiet Bogaty;179;184;;;1;12;150;;;;;;
1621;TYGRYS;999;999;Internet i Telewizja;1000;100;800;Pakiet Bogaty;179;184;;;1;999;150;;;;;;
1622;TYGRYS;12;12;Internet i Telewizja;1000;100;800;Pakiet Bogaty;179;184;;;1;12;140;;;;;;
1623;TYGRYS;999;999;Internet i Telewizja;1000;50;800;Pakiet Bogaty;179;184;;;1;999;140;;;;;;
1624;TYGRYS;24;24;Internet i Telewizja;1000;400;800;Pakiet Bogaty;179;184;;;1;2;0;3;24;150;;;
1625;TYGRYS;12;12;Internet i Telewizja;1000;50;800;Pakiet Bogaty;179;184;;;1;12;130;;;;;;
1626;TYGRYS;24;24;Internet i Telewizja;1000;200;800;Pakiet Bogaty;179;184;;;1;2;0;3;24;140;;;
1627;TYGRYS;24;24;Internet i Telewizja;1000;100;800;Pakiet Bogaty;179;184;;;1;2;0;3;24;130;;;
1628;TYGRYS;24;24;Internet i Telewizja;1000;50;800;Pakiet Bogaty;179;184;;;1;2;0;3;24;120;;;
1629;TYGRYS;999;999;Internet i Telewizja;2000;400;800;Pakiet Bogaty;179;184;;;1;999;210;;;;;;
1630;TYGRYS;12;12;Internet i Telewizja;2000;400;800;Pakiet Bogaty;179;184;;;1;12;200;;;;;;
1631;TYGRYS;999;999;Internet i Telewizja;2000;200;800;Pakiet Bogaty;179;184;;;1;999;200;;;;;;
1632;TYGRYS;12;12;Internet i Telewizja;2000;200;800;Pakiet Bogaty;179;184;;;1;12;190;;;;;;
1633;TYGRYS;999;999;Internet i Telewizja;2000;100;800;Pakiet Bogaty;179;184;;;1;999;190;;;;;;
1634;TYGRYS;12;12;Internet i Telewizja;2000;100;800;Pakiet Bogaty;179;184;;;1;12;180;;;;;;
1635;TYGRYS;999;999;Internet i Telewizja;2000;50;800;Pakiet Bogaty;179;184;;;1;999;180;;;;;;
1636;TYGRYS;24;24;Internet i Telewizja;2000;400;800;Pakiet Bogaty;179;184;;;1;2;0;3;24;190;;;
1637;TYGRYS;12;12;Internet i Telewizja;2000;50;800;Pakiet Bogaty;179;184;;;1;12;170;;;;;;
1638;TYGRYS;24;24;Internet i Telewizja;2000;200;800;Pakiet Bogaty;179;184;;;1;2;0;3;24;180;;;
1639;TYGRYS;24;24;Internet i Telewizja;2000;100;800;Pakiet Bogaty;179;184;;;1;2;0;3;24;170;;;
1640;TYGRYS;24;24;Internet i Telewizja;2000;50;800;Pakiet Bogaty;179;184;;;1;2;0;3;24;160;;;
1641;TYGRYS;999;999;Internet i Telewizja;500;400;650;Pakiet Presti¿;184;184;;;1;999;159;;;;;;
1642;TYGRYS;12;12;Internet i Telewizja;500;400;650;Pakiet Presti¿;184;184;;;1;12;149;;;;;;
1643;TYGRYS;999;999;Internet i Telewizja;500;200;650;Pakiet Presti¿;184;184;;;1;999;149;;;;;;
1644;TYGRYS;12;12;Internet i Telewizja;500;200;650;Pakiet Presti¿;184;184;;;1;12;139;;;;;;
1645;TYGRYS;999;999;Internet i Telewizja;500;100;650;Pakiet Presti¿;184;184;;;1;999;139;;;;;;
1646;TYGRYS;12;12;Internet i Telewizja;500;100;650;Pakiet Presti¿;184;184;;;1;12;129;;;;;;
1647;TYGRYS;999;999;Internet i Telewizja;500;50;650;Pakiet Presti¿;184;184;;;1;999;129;;;;;;
1648;TYGRYS;24;24;Internet i Telewizja;500;400;650;Pakiet Presti¿;184;184;;;1;2;0;3;24;139;;;
1649;TYGRYS;12;12;Internet i Telewizja;500;50;650;Pakiet Presti¿;184;184;;;1;12;119;;;;;;
1650;TYGRYS;24;24;Internet i Telewizja;500;200;650;Pakiet Presti¿;184;184;;;1;2;0;3;24;129;;;
1651;TYGRYS;24;24;Internet i Telewizja;500;100;650;Pakiet Presti¿;184;184;;;1;2;0;3;24;119;;;
1652;TYGRYS;24;24;Internet i Telewizja;500;50;650;Pakiet Presti¿;184;184;;;1;2;0;3;24;109;;;
1653;TYGRYS;999;999;Internet i Telewizja;700;400;650;Pakiet Presti¿;184;184;;;1;999;169;;;;;;
1654;TYGRYS;12;12;Internet i Telewizja;700;400;650;Pakiet Presti¿;184;184;;;1;12;159;;;;;;
1655;TYGRYS;999;999;Internet i Telewizja;700;200;650;Pakiet Presti¿;184;184;;;1;999;159;;;;;;
1656;TYGRYS;12;12;Internet i Telewizja;700;200;650;Pakiet Presti¿;184;184;;;1;12;149;;;;;;
1657;TYGRYS;999;999;Internet i Telewizja;700;100;650;Pakiet Presti¿;184;184;;;1;999;149;;;;;;
1658;TYGRYS;12;12;Internet i Telewizja;700;100;650;Pakiet Presti¿;184;184;;;1;12;139;;;;;;
1659;TYGRYS;999;999;Internet i Telewizja;700;50;650;Pakiet Presti¿;184;184;;;1;999;139;;;;;;
1660;TYGRYS;24;24;Internet i Telewizja;700;400;650;Pakiet Presti¿;184;184;;;1;2;0;3;24;149;;;
1661;TYGRYS;12;12;Internet i Telewizja;700;50;650;Pakiet Presti¿;184;184;;;1;12;129;;;;;;
1662;TYGRYS;24;24;Internet i Telewizja;700;200;650;Pakiet Presti¿;184;184;;;1;2;0;3;24;139;;;
1663;TYGRYS;24;24;Internet i Telewizja;700;100;650;Pakiet Presti¿;184;184;;;1;2;0;3;24;129;;;
1664;TYGRYS;24;24;Internet i Telewizja;700;50;650;Pakiet Presti¿;184;184;;;1;2;0;3;24;119;;;
1665;TYGRYS;999;999;Internet i Telewizja;1000;400;800;Pakiet Presti¿;184;184;;;1;999;179;;;;;;
1666;TYGRYS;12;12;Internet i Telewizja;1000;400;800;Pakiet Presti¿;184;184;;;1;12;169;;;;;;
1667;TYGRYS;999;999;Internet i Telewizja;1000;200;800;Pakiet Presti¿;184;184;;;1;999;169;;;;;;
1668;TYGRYS;12;12;Internet i Telewizja;1000;200;800;Pakiet Presti¿;184;184;;;1;12;159;;;;;;
1669;TYGRYS;999;999;Internet i Telewizja;1000;100;800;Pakiet Presti¿;184;184;;;1;999;159;;;;;;
1670;TYGRYS;12;12;Internet i Telewizja;1000;100;800;Pakiet Presti¿;184;184;;;1;12;149;;;;;;
1671;TYGRYS;999;999;Internet i Telewizja;1000;50;800;Pakiet Presti¿;184;184;;;1;999;149;;;;;;
1672;TYGRYS;24;24;Internet i Telewizja;1000;400;800;Pakiet Presti¿;184;184;;;1;2;0;3;24;159;;;
1673;TYGRYS;12;12;Internet i Telewizja;1000;50;800;Pakiet Presti¿;184;184;;;1;12;139;;;;;;
1674;TYGRYS;24;24;Internet i Telewizja;1000;200;800;Pakiet Presti¿;184;184;;;1;2;0;3;24;149;;;
1675;TYGRYS;24;24;Internet i Telewizja;1000;100;800;Pakiet Presti¿;184;184;;;1;2;0;3;24;139;;;
1676;TYGRYS;24;24;Internet i Telewizja;1000;50;800;Pakiet Presti¿;184;184;;;1;2;0;3;24;129;;;
1677;TYGRYS;999;999;Internet i Telewizja;2000;400;800;Pakiet Presti¿;184;184;;;1;999;219;;;;;;
1678;TYGRYS;12;12;Internet i Telewizja;2000;400;800;Pakiet Presti¿;184;184;;;1;12;209;;;;;;
1679;TYGRYS;999;999;Internet i Telewizja;2000;200;800;Pakiet Presti¿;184;184;;;1;999;209;;;;;;
1680;TYGRYS;12;12;Internet i Telewizja;2000;200;800;Pakiet Presti¿;184;184;;;1;12;199;;;;;;
1681;TYGRYS;999;999;Internet i Telewizja;2000;100;800;Pakiet Presti¿;184;184;;;1;999;199;;;;;;
1682;TYGRYS;12;12;Internet i Telewizja;2000;100;800;Pakiet Presti¿;184;184;;;1;12;189;;;;;;
1683;TYGRYS;999;999;Internet i Telewizja;2000;50;800;Pakiet Presti¿;184;184;;;1;999;189;;;;;;
1684;TYGRYS;24;24;Internet i Telewizja;2000;400;800;Pakiet Presti¿;184;184;;;1;2;0;3;24;199;;;
1685;TYGRYS;12;12;Internet i Telewizja;2000;50;800;Pakiet Presti¿;184;184;;;1;12;179;;;;;;
1686;TYGRYS;24;24;Internet i Telewizja;2000;200;800;Pakiet Presti¿;184;184;;;1;2;0;3;24;189;;;
1687;TYGRYS;24;24;Internet i Telewizja;2000;100;800;Pakiet Presti¿;184;184;;;1;2;0;3;24;179;;;
1688;TYGRYS;24;24;Internet i Telewizja;2000;50;800;Pakiet Presti¿;184;184;;;1;2;0;3;24;169;;;
1689;TYGRYS;999;999;Internet i Telewizja;500;400;650;Pakiet Wielotematyczny;195;184;;;1;999;150;;;;;;
1690;TYGRYS;12;12;Internet i Telewizja;500;400;650;Pakiet Wielotematyczny;195;184;;;1;12;140;;;;;;
1691;TYGRYS;999;999;Internet i Telewizja;500;200;650;Pakiet Wielotematyczny;195;184;;;1;999;140;;;;;;
1692;TYGRYS;12;12;Internet i Telewizja;500;200;650;Pakiet Wielotematyczny;195;184;;;1;12;130;;;;;;
1693;TYGRYS;999;999;Internet i Telewizja;500;100;650;Pakiet Wielotematyczny;195;184;;;1;999;130;;;;;;
1694;TYGRYS;12;12;Internet i Telewizja;500;100;650;Pakiet Wielotematyczny;195;184;;;1;12;120;;;;;;
1695;TYGRYS;999;999;Internet i Telewizja;500;50;650;Pakiet Wielotematyczny;195;184;;;1;999;120;;;;;;
1696;TYGRYS;24;24;Internet i Telewizja;500;400;650;Pakiet Wielotematyczny;195;184;;;1;2;0;3;24;130;;;
1697;TYGRYS;24;24;Internet i Telewizja;500;200;650;Pakiet Wielotematyczny;195;184;;;1;2;0;3;24;120;;;
1698;TYGRYS;12;12;Internet i Telewizja;500;50;650;Pakiet Wielotematyczny;195;184;;;1;12;110;;;;;;
1699;TYGRYS;24;24;Internet i Telewizja;500;100;650;Pakiet Wielotematyczny;195;184;;;1;2;0;3;24;110;;;
1700;TYGRYS;24;24;Internet i Telewizja;500;50;650;Pakiet Wielotematyczny;195;184;;;1;2;0;3;24;100;;;
1701;TYGRYS;999;999;Internet i Telewizja;700;400;650;Pakiet Wielotematyczny;195;184;;;1;999;160;;;;;;
1702;TYGRYS;12;12;Internet i Telewizja;700;400;650;Pakiet Wielotematyczny;195;184;;;1;12;150;;;;;;
1703;TYGRYS;999;999;Internet i Telewizja;700;200;650;Pakiet Wielotematyczny;195;184;;;1;999;150;;;;;;
1704;TYGRYS;12;12;Internet i Telewizja;700;200;650;Pakiet Wielotematyczny;195;184;;;1;12;140;;;;;;
1705;TYGRYS;999;999;Internet i Telewizja;700;100;650;Pakiet Wielotematyczny;195;184;;;1;999;140;;;;;;
1706;TYGRYS;12;12;Internet i Telewizja;700;100;650;Pakiet Wielotematyczny;195;184;;;1;12;130;;;;;;
1707;TYGRYS;999;999;Internet i Telewizja;700;50;650;Pakiet Wielotematyczny;195;184;;;1;999;130;;;;;;
1708;TYGRYS;24;24;Internet i Telewizja;700;400;650;Pakiet Wielotematyczny;195;184;;;1;2;0;3;24;140;;;
1709;TYGRYS;12;12;Internet i Telewizja;700;50;650;Pakiet Wielotematyczny;195;184;;;1;12;120;;;;;;
1710;TYGRYS;24;24;Internet i Telewizja;700;200;650;Pakiet Wielotematyczny;195;184;;;1;2;0;3;24;130;;;
1711;TYGRYS;24;24;Internet i Telewizja;700;100;650;Pakiet Wielotematyczny;195;184;;;1;2;0;3;24;120;;;
1712;TYGRYS;24;24;Internet i Telewizja;700;50;650;Pakiet Wielotematyczny;195;184;;;1;2;0;3;24;110;;;
1713;TYGRYS;999;999;Internet i Telewizja;1000;400;800;Pakiet Wielotematyczny;195;184;;;1;999;170;;;;;;
1714;TYGRYS;12;12;Internet i Telewizja;1000;400;800;Pakiet Wielotematyczny;195;184;;;1;12;160;;;;;;
1715;TYGRYS;999;999;Internet i Telewizja;1000;200;800;Pakiet Wielotematyczny;195;184;;;1;999;160;;;;;;
1716;TYGRYS;12;12;Internet i Telewizja;1000;200;800;Pakiet Wielotematyczny;195;184;;;1;12;150;;;;;;
1717;TYGRYS;999;999;Internet i Telewizja;1000;100;800;Pakiet Wielotematyczny;195;184;;;1;999;150;;;;;;
1718;TYGRYS;12;12;Internet i Telewizja;1000;100;800;Pakiet Wielotematyczny;195;184;;;1;12;140;;;;;;
1719;TYGRYS;999;999;Internet i Telewizja;1000;50;800;Pakiet Wielotematyczny;195;184;;;1;999;140;;;;;;
1720;TYGRYS;24;24;Internet i Telewizja;1000;400;800;Pakiet Wielotematyczny;195;184;;;1;2;0;3;24;150;;;
1721;TYGRYS;12;12;Internet i Telewizja;1000;50;800;Pakiet Wielotematyczny;195;184;;;1;12;130;;;;;;
1722;TYGRYS;24;24;Internet i Telewizja;1000;200;800;Pakiet Wielotematyczny;195;184;;;1;2;0;3;24;140;;;
1723;TYGRYS;24;24;Internet i Telewizja;1000;100;800;Pakiet Wielotematyczny;195;184;;;1;2;0;3;24;130;;;
1724;TYGRYS;24;24;Internet i Telewizja;1000;50;800;Pakiet Wielotematyczny;195;184;;;1;2;0;3;24;120;;;
1725;TYGRYS;999;999;Internet i Telewizja;2000;400;800;Pakiet Wielotematyczny;195;184;;;1;999;210;;;;;;
1726;TYGRYS;12;12;Internet i Telewizja;2000;400;800;Pakiet Wielotematyczny;195;184;;;1;12;200;;;;;;
1727;TYGRYS;999;999;Internet i Telewizja;2000;200;800;Pakiet Wielotematyczny;195;184;;;1;999;200;;;;;;
1728;TYGRYS;12;12;Internet i Telewizja;2000;200;800;Pakiet Wielotematyczny;195;184;;;1;12;190;;;;;;
1729;TYGRYS;999;999;Internet i Telewizja;2000;100;800;Pakiet Wielotematyczny;195;184;;;1;999;190;;;;;;
1730;TYGRYS;12;12;Internet i Telewizja;2000;100;800;Pakiet Wielotematyczny;195;184;;;1;12;180;;;;;;
1731;TYGRYS;999;999;Internet i Telewizja;2000;50;800;Pakiet Wielotematyczny;195;184;;;1;999;180;;;;;;
1732;TYGRYS;24;24;Internet i Telewizja;2000;400;800;Pakiet Wielotematyczny;195;184;;;1;2;0;3;24;190;;;
1733;TYGRYS;12;12;Internet i Telewizja;2000;50;800;Pakiet Wielotematyczny;195;184;;;1;12;170;;;;;;
1734;TYGRYS;24;24;Internet i Telewizja;2000;200;800;Pakiet Wielotematyczny;195;184;;;1;2;0;3;24;180;;;
1735;TYGRYS;24;24;Internet i Telewizja;2000;100;800;Pakiet Wielotematyczny;195;184;;;1;2;0;3;24;170;;;
1736;TYGRYS;24;24;Internet i Telewizja;2000;50;800;Pakiet Wielotematyczny;195;184;;;1;2;0;3;24;160;;;
1737;TYGRYS;999;999;Internet i Telewizja;500;400;650;Pakiet Max;220;236;;;1;999;179;;;;;;
1738;TYGRYS;12;12;Internet i Telewizja;500;400;650;Pakiet Max;220;236;;;1;12;169;;;;;;
1739;TYGRYS;999;999;Internet i Telewizja;500;200;650;Pakiet Max;220;236;;;1;999;169;;;;;;
1740;TYGRYS;12;12;Internet i Telewizja;500;200;650;Pakiet Max;220;236;;;1;12;159;;;;;;
1741;TYGRYS;999;999;Internet i Telewizja;500;100;650;Pakiet Max;220;236;;;1;999;159;;;;;;
1742;TYGRYS;12;12;Internet i Telewizja;500;100;650;Pakiet Max;220;236;;;1;12;149;;;;;;
1743;TYGRYS;999;999;Internet i Telewizja;500;50;650;Pakiet Max;220;236;;;1;999;149;;;;;;
1744;TYGRYS;24;24;Internet i Telewizja;500;400;650;Pakiet Max;220;236;;;1;2;0;3;24;159;;;
1745;TYGRYS;12;12;Internet i Telewizja;500;50;650;Pakiet Max;220;236;;;1;12;139;;;;;;
1746;TYGRYS;24;24;Internet i Telewizja;500;200;650;Pakiet Max;220;236;;;1;2;0;3;24;149;;;
1747;TYGRYS;24;24;Internet i Telewizja;500;100;650;Pakiet Max;220;236;;;1;2;0;3;24;139;;;
1748;TYGRYS;24;24;Internet i Telewizja;500;50;650;Pakiet Max;220;236;;;1;2;0;3;24;129;;;
1749;TYGRYS;999;999;Internet i Telewizja;700;400;650;Pakiet Max;220;236;;;1;999;189;;;;;;
1750;TYGRYS;12;12;Internet i Telewizja;700;400;650;Pakiet Max;220;236;;;1;12;179;;;;;;
1751;TYGRYS;999;999;Internet i Telewizja;700;200;650;Pakiet Max;220;236;;;1;999;179;;;;;;
1752;TYGRYS;12;12;Internet i Telewizja;700;200;650;Pakiet Max;220;236;;;1;12;169;;;;;;
1753;TYGRYS;999;999;Internet i Telewizja;700;100;650;Pakiet Max;220;236;;;1;999;169;;;;;;
1754;TYGRYS;12;12;Internet i Telewizja;700;100;650;Pakiet Max;220;236;;;1;12;159;;;;;;
1755;TYGRYS;999;999;Internet i Telewizja;700;50;650;Pakiet Max;220;236;;;1;999;159;;;;;;
1756;TYGRYS;24;24;Internet i Telewizja;700;400;650;Pakiet Max;220;236;;;1;2;0;3;24;169;;;
1757;TYGRYS;12;12;Internet i Telewizja;700;50;650;Pakiet Max;220;236;;;1;12;149;;;;;;
1758;TYGRYS;24;24;Internet i Telewizja;700;200;650;Pakiet Max;220;236;;;1;2;0;3;24;159;;;
1759;TYGRYS;24;24;Internet i Telewizja;700;100;650;Pakiet Max;220;236;;;1;2;0;3;24;149;;;
1760;TYGRYS;24;24;Internet i Telewizja;700;50;650;Pakiet Max;220;236;;;1;2;0;3;24;139;;;
1761;TYGRYS;999;999;Internet i Telewizja;1000;400;800;Pakiet Max;220;236;;;1;999;199;;;;;;
1762;TYGRYS;12;12;Internet i Telewizja;1000;400;800;Pakiet Max;220;236;;;1;12;189;;;;;;
1763;TYGRYS;999;999;Internet i Telewizja;1000;200;800;Pakiet Max;220;236;;;1;999;189;;;;;;
1764;TYGRYS;12;12;Internet i Telewizja;1000;200;800;Pakiet Max;220;236;;;1;12;179;;;;;;
1765;TYGRYS;999;999;Internet i Telewizja;1000;100;800;Pakiet Max;220;236;;;1;999;179;;;;;;
1766;TYGRYS;12;12;Internet i Telewizja;1000;100;800;Pakiet Max;220;236;;;1;12;169;;;;;;
1767;TYGRYS;999;999;Internet i Telewizja;1000;50;800;Pakiet Max;220;236;;;1;999;169;;;;;;
1768;TYGRYS;24;24;Internet i Telewizja;1000;400;800;Pakiet Max;220;236;;;1;2;0;3;24;179;;;
1769;TYGRYS;12;12;Internet i Telewizja;1000;50;800;Pakiet Max;220;236;;;1;12;159;;;;;;
1770;TYGRYS;24;24;Internet i Telewizja;1000;200;800;Pakiet Max;220;236;;;1;2;0;3;24;169;;;
1771;TYGRYS;24;24;Internet i Telewizja;1000;100;800;Pakiet Max;220;236;;;1;2;0;3;24;159;;;
1772;TYGRYS;24;24;Internet i Telewizja;1000;50;800;Pakiet Max;220;236;;;1;2;0;3;24;149;;;
1773;TYGRYS;999;999;Internet i Telewizja;2000;400;800;Pakiet Max;220;236;;;1;999;239;;;;;;
1774;TYGRYS;12;12;Internet i Telewizja;2000;400;800;Pakiet Max;220;236;;;1;12;229;;;;;;
1775;TYGRYS;999;999;Internet i Telewizja;2000;200;800;Pakiet Max;220;236;;;1;999;229;;;;;;
1776;TYGRYS;12;12;Internet i Telewizja;2000;200;800;Pakiet Max;220;236;;;1;12;219;;;;;;
1777;TYGRYS;999;999;Internet i Telewizja;2000;100;800;Pakiet Max;220;236;;;1;999;219;;;;;;
1778;TYGRYS;12;12;Internet i Telewizja;2000;100;800;Pakiet Max;220;236;;;1;12;209;;;;;;
1779;TYGRYS;999;999;Internet i Telewizja;2000;50;800;Pakiet Max;220;236;;;1;999;209;;;;;;
1780;TYGRYS;24;24;Internet i Telewizja;2000;400;800;Pakiet Max;220;236;;;1;2;0;3;24;219;;;
1781;TYGRYS;12;12;Internet i Telewizja;2000;50;800;Pakiet Max;220;236;;;1;12;199;;;;;;
1782;TYGRYS;24;24;Internet i Telewizja;2000;200;800;Pakiet Max;220;236;;;1;2;0;3;24;209;;;
1783;TYGRYS;24;24;Internet i Telewizja;2000;100;800;Pakiet Max;220;236;;;1;2;0;3;24;199;;;
1784;TYGRYS;24;24;Internet i Telewizja;2000;50;800;Pakiet Max;220;236;;;1;2;0;3;24;189;;;
1785;VECTRA;999;999;Internet + TV + Premium;300;40;300;Pakiet Srebrny;72;57;CANAL+ Super Sport;cena z rabatami;1;6;79.99;7;999;114.99;;;
1786;VECTRA;23;24;Internet + Telewizja;300;40;300;Pakiet Srebrny;72;57;HBO MAX;cena z rabatami;1;4;70;5;23;84.99;;;
1787;VECTRA;23;24;Internet + Telewizja;600;60;600;Pakiet Srebrny;72;57;HBO MAX;cena z rabatami;1;4;70;5;23;94.99;;;
1788;VECTRA;23;24;BZ;1000;90;800;Pakiet Srebrny;72;57;HBO;cena z rabatami;1;1;70;2;12;144.99;;;
1789;VECTRA;23;24;Internet + Telewizja;600;60;600;Pakiet Z³oty;129;129;HBO;cena z rabatami;1;4;70;5;23;104.99;;;
1790;VECTRA;11;12;Internet + TV + Premium;600;60;650;Pakiet Z³oty;129;129;HBO. Eleven Sports. Disney+;cena z rabatami;1;12;94.99;;;;;;
1791;VECTRA;999;999;Internet + TV + Premium;600;60;650;Pakiet Z³oty;129;129;Netflix. HBO. Eleven Sports;cena z rabatami;1;999;94.99;;;;;;
1792;VECTRA;23;24;Internet + TV + Premium;600;60;650;Pakiet Z³oty;129;129;Netflix;cena z rabatami;1;11;94.99;;;;;;
1793;VECTRA;23;24;Internet + Telewizja;1000;90;800;Pakiet Platynowy;167;184;HBO;cena z rabatami;1;4;70;5;23;134.99;;;
1794;VLMEDIA;24;24;Internet i Telewizja;300;30;300;LUZ HD;125;129;;;1;24;69;;;;;;
1795;VLMEDIA;24;24;Internet i Telewizja;300;30;300;KOMFORT+ HD;180;184;;;1;24;99;;;;;;
1796;VLMEDIA;24;24;Internet i Telewizja;600;60;650;PRESTI¯ HD;212;236;;;1;24;129;;;;;;
1797;VLMEDIA;24;24;Internet i Telewizja;1000;100;800;MAX HD;222;236;;;1;24;149;;;;;;
1798;VOLTA;999;999;HFC i Telewizja;200;30;120;Pakiet PODSTAWOWY;140;129;;;1;999;198;;;;;;
1799;VOLTA;999;999;Internet i Telewizja;200;30;120;Pakiet PODSTAWOWY;140;129;;;1;999;169;;;;;;
1800;VOLTA;12;12;Internet i Telewizja;200;30;120;Pakiet PODSTAWOWY;140;129;;;1;12;149;;;;;;
1801;VOLTA;24;24;Internet i Telewizja;200;30;120;Pakiet PODSTAWOWY;140;129;;;1;24;139;;;;;;
1802;VOLTA;12;12;HFC i Telewizja;200;30;120;Pakiet PODSTAWOWY;140;129;;;1;12;99;;;;;;
1803;VOLTA;24;24;HFC i Telewizja;200;30;120;Pakiet PODSTAWOWY;140;129;;;1;24;79;;;;;;
1804;VOLTA;999;999;Internet i Telewizja;300;40;300;Pakiet PODSTAWOWY;140;129;;;1;999;318;;;;;;
1805;VOLTA;12;12;Internet i Telewizja;300;40;300;Pakiet PODSTAWOWY;140;129;;;1;12;159;;;;;;
1806;VOLTA;24;24;Internet i Telewizja;300;40;300;Pakiet PODSTAWOWY;140;129;;;1;24;139;;;;;;
1807;VOLTA;999;999;HFC/LAN i Telewizja;300;40;300;Pakiet PODSTAWOWY;140;129;;;1;999;119;;;;;;
1808;VOLTA;12;12;HFC/LAN i Telewizja;300;40;300;Pakiet PODSTAWOWY;140;129;;;1;12;99;;;;;;
1809;VOLTA;24;24;HFC/LAN i Telewizja;300;40;300;Pakiet PODSTAWOWY;140;129;;;1;24;79;;;;;;
1810;VOLTA;999;999;HFC i Telewizja;500;50;650;Pakiet PODSTAWOWY;140;129;;;1;999;218;;;;;;
1811;VOLTA;999;999;HFC/LAN i Telewizja;500;50;650;Pakiet PODSTAWOWY;140;129;;;1;999;129;;;;;;
1812;VOLTA;12;12;HFC i Telewizja;500;50;650;Pakiet PODSTAWOWY;140;129;;;1;12;109;;;;;;
1813;VOLTA;12;12;HFC/LAN i Telewizja;500;50;650;Pakiet PODSTAWOWY;140;129;;;1;12;109;;;;;;
1814;VOLTA;24;24;HFC i Telewizja;500;40;650;Pakiet PODSTAWOWY;140;129;;;1;24;89;;;;;;
1815;VOLTA;24;24;HFC/LAN i Telewizja;500;50;650;Pakiet PODSTAWOWY;140;129;;;1;24;89;;;;;;
1816;VOLTA;999;999;Internet i Telewizja;500;50;650;Pakiet PE£NY;168;184;;;1;999;438;;;;;;
1817;VOLTA;999;999;HFC i Telewizja;500;50;650;Pakiet PE£NY;168;184;;;1;999;258;;;;;;
1818;VOLTA;12;12;Internet i Telewizja;500;50;650;Pakiet PE£NY;168;184;;;1;12;219;;;;;;
1819;VOLTA;24;24;Internet i Telewizja;500;50;650;Pakiet PE£NY;168;184;;;1;24;199;;;;;;
1820;VOLTA;12;12;HFC i Telewizja;500;50;650;Pakiet PE£NY;168;184;;;1;12;129;;;;;;
1821;VOLTA;24;24;HFC i Telewizja;500;50;650;Pakiet PE£NY;168;184;;;1;24;99;;;;;;
1822;VOLTA;999;999;HFC/LAN i Telewizja;600;60;650;Pakiet PE£NY;168;184;;;1;999;149;;;;;;
1823;VOLTA;12;12;HFC/LAN i Telewizja;600;60;650;Pakiet PE£NY;168;184;;;1;12;129;;;;;;
1824;VOLTA;24;24;HFC/LAN i Telewizja;600;60;650;Pakiet PE£NY;168;184;;;1;24;99;;;;;;
